[
  {
    "id": 1,
    "number": "CL-52026",
    "incidentDate": "2022-05-25",
    "createdAt": "2022-06-12",
    "amount": "1641.00",
    "holder": "Loren Harber DVM",
    "policyNumber": "TL-25580",
    "insuredItem": "Small Cotton Fish",
    "description": "Optio voluptatem in voluptas minus consequatur doloribus nemo voluptas vero est ipsam aut dolores nesciunt.",
    "processingFee": "86.00",
    "status": "Submitted"
  },
  {
    "id": 2,
    "number": "CL-25395",
    "incidentDate": "2022-01-31",
    "createdAt": "2022-03-13",
    "amount": "673.00",
    "holder": "Loren Harber DVM",
    "policyNumber": "TL-25580",
    "insuredItem": "Handcrafted Metal Cheese",
    "description": "Qui alias dignissimos molestiae modi doloribus provident aut in laudantium repudiandae minus laborum modi molestias.",
    "processingFee": "121.00",
    "status": "Approved"
  },
  {
    "id": 3,
    "number": "CL-49085",
    "incidentDate": "2022-05-29",
    "createdAt": "2022-07-22",
    "amount": "946.00",
    "holder": "Lowell Carroll",
    "policyNumber": "TL-19062",
    "insuredItem": "Small Rubber Hat",
    "description": "Ipsam quia dolores dolorem dolorum provident autem voluptatem amet porro voluptatem eum nostrum sit consequuntur.",
    "processingFee": "38.00",
    "status": "Approved"
  },
  {
    "id": 4,
    "number": "CL-74761",
    "incidentDate": "2022-04-23",
    "createdAt": "2022-04-29",
    "amount": "302.00",
    "holder": "Ashley Bartoletti",
    "policyNumber": "TL-83737",
    "insuredItem": "Ergonomic Frozen Hat",
    "description": "Magni ex maxime fugit aut provident quo beatae in omnis et quo consequatur quam iusto.",
    "processingFee": "150.00",
    "status": "Approved"
  },
  {
    "id": 5,
    "number": "CL-78027",
    "incidentDate": "2022-07-27",
    "createdAt": "2022-08-06",
    "amount": "1549.00",
    "holder": "Gordon Quitzon",
    "policyNumber": "TL-37437",
    "insuredItem": "Licensed Steel Hat",
    "description": "Quia est minus dignissimos alias fugit consectetur quod ratione ut atque dignissimos molestias fugit sit.",
    "processingFee": "40.00",
    "status": "Completed"
  },
  {
    "id": 6,
    "number": "CL-50668",
    "incidentDate": "2022-04-12",
    "createdAt": "2022-04-13",
    "amount": "1220.00",
    "holder": "Diana Waters PhD",
    "policyNumber": "TL-87219",
    "insuredItem": "Ergonomic Bronze Towels",
    "description": "Accusamus consectetur eos non odit eum sit consequatur totam repudiandae sunt odit et fuga nostrum.",
    "processingFee": "147.00",
    "status": "Rejected"
  },
  {
    "id": 7,
    "number": "CL-42175",
    "incidentDate": "2022-03-02",
    "createdAt": "2022-03-31",
    "amount": "1973.00",
    "holder": "Shannon Barrows",
    "policyNumber": "TL-20929",
    "insuredItem": "Sleek Plastic Hat",
    "description": "Quae ratione magnam mollitia est beatae ipsum totam quod sit est necessitatibus voluptas fugiat inventore.",
    "processingFee": "22.00",
    "status": "Processed"
  },
  {
    "id": 8,
    "number": "CL-60353",
    "incidentDate": "2022-05-02",
    "createdAt": "2022-06-08",
    "amount": "639.00",
    "holder": "Carroll Collins",
    "policyNumber": "TL-48712",
    "insuredItem": "Handmade Rubber Mouse",
    "description": "Omnis sunt praesentium laborum nemo minus magni error nobis aspernatur repellendus laboriosam eaque est eligendi.",
    "processingFee": "79.00",
    "status": "Approved"
  },
  {
    "id": 9,
    "number": "CL-64063",
    "incidentDate": "2022-04-24",
    "createdAt": "2022-06-05",
    "amount": "1080.00",
    "holder": "Shannon Barrows",
    "policyNumber": "TL-20929",
    "insuredItem": "Modern Rubber Pizza",
    "description": "Nostrum omnis incidunt necessitatibus aut voluptate doloremque temporibus cumque eos est iure cupiditate animi in.",
    "processingFee": "72.00",
    "status": "Approved"
  },
  {
    "id": 10,
    "number": "CL-88762",
    "incidentDate": "2022-06-03",
    "createdAt": "2022-06-06",
    "amount": "687.00",
    "holder": "Darrell Hegmann",
    "policyNumber": "TL-29559",
    "insuredItem": "Handcrafted Frozen Computer",
    "description": "Consequatur dolorem autem iusto aliquid non consequuntur distinctio tempora possimus accusamus vel non non sunt.",
    "processingFee": "97.00",
    "status": "Approved"
  },
  {
    "id": 11,
    "number": "CL-23970",
    "incidentDate": "2022-04-06",
    "createdAt": "2022-05-15",
    "amount": "965.00",
    "holder": "Elizabeth Hills",
    "policyNumber": "TL-13249",
    "insuredItem": "Oriental Cotton Tuna",
    "description": "Nobis cumque ut atque labore voluptates ut libero explicabo laboriosam debitis enim aliquid dolore ea.",
    "processingFee": "85.00",
    "status": "Approved"
  },
  {
    "id": 12,
    "number": "CL-25493",
    "incidentDate": "2022-05-27",
    "createdAt": "2022-07-20",
    "amount": "1418.00",
    "holder": "Barbara Boyle",
    "policyNumber": "TL-82322",
    "insuredItem": "Generic Fresh Cheese",
    "description": "Quia id suscipit asperiores veritatis totam voluptas explicabo in atque quo porro voluptatem occaecati iure.",
    "processingFee": "36.00",
    "status": "Approved"
  },
  {
    "id": 13,
    "number": "CL-40055",
    "incidentDate": "2022-05-04",
    "createdAt": "2022-06-12",
    "amount": "1689.00",
    "holder": "Kim Schaden",
    "policyNumber": "TL-73782",
    "insuredItem": "Generic Cotton Ball",
    "description": "Excepturi quo ut et ea et maxime dolore nostrum sit dicta rerum dolorem atque quaerat.",
    "processingFee": "131.00",
    "status": "Approved"
  },
  {
    "id": 14,
    "number": "CL-60419",
    "incidentDate": "2022-06-30",
    "createdAt": "2022-08-05",
    "amount": "462.00",
    "holder": "Eloise Wiegand",
    "policyNumber": "TL-14571",
    "insuredItem": "Sleek Cotton Hat",
    "description": "Minus corrupti similique et veritatis illum ipsam totam qui quam sint illum facere saepe velit.",
    "processingFee": "81.00",
    "status": "Approved"
  },
  {
    "id": 15,
    "number": "CL-79525",
    "incidentDate": "2022-09-06",
    "createdAt": "2022-09-09",
    "amount": "294.00",
    "holder": "Terrell Tremblay",
    "policyNumber": "TL-26721",
    "insuredItem": "Luxurious Cotton Ball",
    "description": "Laborum aliquam nemo officia laudantium earum autem et doloremque autem adipisci et reprehenderit aut consequatur.",
    "processingFee": "77.00",
    "status": "Completed"
  },
  {
    "id": 16,
    "number": "CL-24217",
    "incidentDate": "2022-05-03",
    "createdAt": "2022-05-12",
    "amount": "402.00",
    "holder": "Elijah Hartmann",
    "policyNumber": "TL-27848",
    "insuredItem": "Elegant Soft Chair",
    "description": "Et inventore quia sed et tempora facilis est enim sint quos quo sunt assumenda impedit.",
    "processingFee": "66.00",
    "status": "Submitted"
  },
  {
    "id": 17,
    "number": "CL-23816",
    "incidentDate": "2022-05-30",
    "createdAt": "2022-06-20",
    "amount": "976.00",
    "holder": "Reginald Rolfson",
    "policyNumber": "TL-70240",
    "insuredItem": "Intelligent Cotton Ball",
    "description": "Mollitia deleniti laborum earum dolores vero repellat esse et est eveniet dolorum ex corrupti earum.",
    "processingFee": "55.00",
    "status": "Processed"
  },
  {
    "id": 18,
    "number": "CL-82191",
    "incidentDate": "2022-08-05",
    "createdAt": "2022-08-06",
    "amount": "1998.00",
    "holder": "Sherri Dooley",
    "policyNumber": "TL-65990",
    "insuredItem": "Ergonomic Wooden Table",
    "description": "Animi aspernatur porro quas ut maxime enim rerum deleniti omnis enim pariatur accusamus sit fugiat.",
    "processingFee": "94.00",
    "status": "Processed"
  },
  {
    "id": 19,
    "number": "CL-20106",
    "incidentDate": "2022-05-06",
    "createdAt": "2022-06-24",
    "amount": "1981.00",
    "holder": "Emilio Stracke",
    "policyNumber": "TL-98944",
    "insuredItem": "Refined Frozen Fish",
    "description": "Omnis adipisci voluptas praesentium omnis itaque impedit sed voluptas aut similique aut sed nesciunt deserunt.",
    "processingFee": "146.00",
    "status": "Submitted"
  },
  {
    "id": 20,
    "number": "CL-58159",
    "incidentDate": "2022-07-14",
    "createdAt": "2022-09-04",
    "amount": "1066.00",
    "holder": "Jacob Heaney",
    "policyNumber": "TL-21688",
    "insuredItem": "Handcrafted Soft Keyboard",
    "description": "Ipsum delectus voluptatibus aliquid animi eum laudantium occaecati aut eum reprehenderit voluptatem saepe omnis dignissimos.",
    "processingFee": "64.00",
    "status": "Approved"
  },
  {
    "id": 21,
    "number": "CL-87688",
    "incidentDate": "2022-07-08",
    "createdAt": "2022-07-12",
    "amount": "528.00",
    "holder": "Gene Brakus",
    "policyNumber": "TL-33307",
    "insuredItem": "Elegant Soft Soap",
    "description": "Illum aut sit sunt qui cum deleniti recusandae omnis rem ducimus laborum voluptatum in quisquam.",
    "processingFee": "64.00",
    "status": "Processed"
  },
  {
    "id": 22,
    "number": "CL-94789",
    "incidentDate": "2022-08-17",
    "createdAt": "2022-08-29",
    "amount": "1623.00",
    "holder": "Erika Hickle",
    "policyNumber": "TL-31392",
    "insuredItem": "Electronic Bronze Chair",
    "description": "Et deserunt ut ipsum rerum et est odit voluptates distinctio laborum et odit eius aperiam.",
    "processingFee": "75.00",
    "status": "Rejected"
  },
  {
    "id": 23,
    "number": "CL-80920",
    "incidentDate": "2022-02-22",
    "createdAt": "2022-04-04",
    "amount": "700.00",
    "holder": "Terrell Tremblay",
    "policyNumber": "TL-26721",
    "insuredItem": "Fantastic Cotton Towels",
    "description": "Ut est et repellat et voluptas est omnis optio molestias pariatur rerum quas dolor reiciendis.",
    "processingFee": "118.00",
    "status": "Submitted"
  },
  {
    "id": 24,
    "number": "CL-39600",
    "incidentDate": "2022-04-15",
    "createdAt": "2022-05-25",
    "amount": "862.00",
    "holder": "Ivan Tillman",
    "policyNumber": "TL-29229",
    "insuredItem": "Luxurious Rubber Shoes",
    "description": "Quisquam asperiores voluptas odit aperiam eveniet id nemo ipsam corrupti enim voluptate consequuntur fuga dolorem.",
    "processingFee": "116.00",
    "status": "Submitted"
  },
  {
    "id": 25,
    "number": "CL-37110",
    "incidentDate": "2022-04-09",
    "createdAt": "2022-04-18",
    "amount": "1564.00",
    "holder": "Cecelia Breitenberg",
    "policyNumber": "TL-54216",
    "insuredItem": "Refined Rubber Car",
    "description": "At sit laborum rem illum neque iusto magnam voluptates enim velit totam et laboriosam vitae.",
    "processingFee": "61.00",
    "status": "Submitted"
  },
  {
    "id": 26,
    "number": "CL-41576",
    "incidentDate": "2022-07-14",
    "createdAt": "2022-09-03",
    "amount": "1296.00",
    "holder": "Duane O'Kon",
    "policyNumber": "TL-31821",
    "insuredItem": "Handcrafted Wooden Towels",
    "description": "Labore ad nihil eos quam sit voluptates aut facilis voluptatem rem illum corrupti laudantium temporibus.",
    "processingFee": "87.00",
    "status": "Approved"
  },
  {
    "id": 27,
    "number": "CL-10882",
    "incidentDate": "2022-04-18",
    "createdAt": "2022-04-29",
    "amount": "874.00",
    "holder": "Dr. Eleanor Carroll",
    "policyNumber": "TL-27793",
    "insuredItem": "Gorgeous Fresh Ball",
    "description": "Quisquam aut quas pariatur sint officiis voluptatum laudantium rerum blanditiis cupiditate a hic autem quia.",
    "processingFee": "54.00",
    "status": "Completed"
  },
  {
    "id": 28,
    "number": "CL-20181",
    "incidentDate": "2022-04-30",
    "createdAt": "2022-06-27",
    "amount": "1590.00",
    "holder": "Diana Waters PhD",
    "policyNumber": "TL-87219",
    "insuredItem": "Sleek Granite Chips",
    "description": "Vero ullam rerum consequatur id neque placeat non cumque quibusdam dolor itaque exercitationem delectus eaque.",
    "processingFee": "47.00",
    "status": "Rejected"
  },
  {
    "id": 29,
    "number": "CL-91072",
    "incidentDate": "2022-04-28",
    "createdAt": "2022-06-08",
    "amount": "751.00",
    "holder": "Gayle Bednar",
    "policyNumber": "TL-56897",
    "insuredItem": "Rustic Bronze Computer",
    "description": "Quis at dolorem quia iste sit omnis qui molestias non blanditiis facere ea magnam aut.",
    "processingFee": "28.00",
    "status": "Approved"
  },
  {
    "id": 30,
    "number": "CL-40239",
    "incidentDate": "2022-02-27",
    "createdAt": "2022-04-20",
    "amount": "374.00",
    "holder": "Marian Treutel I",
    "policyNumber": "TL-55613",
    "insuredItem": "Electronic Rubber Table",
    "description": "Molestiae perferendis qui deleniti aut est assumenda sit sit consequatur amet mollitia cumque reiciendis adipisci.",
    "processingFee": "43.00",
    "status": "Submitted"
  },
  {
    "id": 31,
    "number": "CL-91335",
    "incidentDate": "2022-07-22",
    "createdAt": "2022-08-21",
    "amount": "641.00",
    "holder": "Carrie Jaskolski",
    "policyNumber": "TL-31478",
    "insuredItem": "Sleek Cotton Chips",
    "description": "Qui quae officia autem et quasi enim recusandae aliquam sed aperiam eius labore quia iusto.",
    "processingFee": "43.00",
    "status": "Rejected"
  },
  {
    "id": 32,
    "number": "CL-31774",
    "incidentDate": "2022-01-26",
    "createdAt": "2022-03-17",
    "amount": "1813.00",
    "holder": "Travis Prosacco",
    "policyNumber": "TL-41660",
    "insuredItem": "Tasty Granite Bacon",
    "description": "Et iste veniam saepe vel vero quo quam quis aut qui eos natus consequatur et.",
    "processingFee": "14.00",
    "status": "Submitted"
  },
  {
    "id": 33,
    "number": "CL-61800",
    "incidentDate": "2022-06-26",
    "createdAt": "2022-08-05",
    "amount": "1220.00",
    "holder": "Fredrick Paucek",
    "policyNumber": "TL-75098",
    "insuredItem": "Incredible Soft Chair",
    "description": "Aliquid dolorem provident odit placeat ut incidunt eius adipisci sit beatae aut consequuntur sint natus.",
    "processingFee": "140.00",
    "status": "Approved"
  },
  {
    "id": 34,
    "number": "CL-97183",
    "incidentDate": "2022-06-20",
    "createdAt": "2022-08-06",
    "amount": "1118.00",
    "holder": "Delbert Fisher",
    "policyNumber": "TL-17722",
    "insuredItem": "Gorgeous Soft Car",
    "description": "Et quibusdam distinctio et commodi suscipit sunt et eaque animi sapiente voluptas vitae molestiae rem.",
    "processingFee": "105.00",
    "status": "Submitted"
  },
  {
    "id": 35,
    "number": "CL-85019",
    "incidentDate": "2022-08-31",
    "createdAt": "2022-09-09",
    "amount": "1138.00",
    "holder": "Jay Gleason DDS",
    "policyNumber": "TL-82567",
    "insuredItem": "Unbranded Cotton Sausages",
    "description": "Sed voluptas vel non debitis eveniet hic ducimus qui temporibus cupiditate qui voluptatibus quis pariatur.",
    "processingFee": "23.00",
    "status": "Submitted"
  },
  {
    "id": 36,
    "number": "CL-49664",
    "incidentDate": "2022-08-08",
    "createdAt": "2022-08-21",
    "amount": "1656.00",
    "holder": "Monique Legros",
    "policyNumber": "TL-32440",
    "insuredItem": "Rustic Concrete Table",
    "description": "Sed est eligendi eum quas eos voluptatum deleniti reprehenderit tempora at quia nulla eos et.",
    "processingFee": "48.00",
    "status": "Processed"
  },
  {
    "id": 37,
    "number": "CL-50848",
    "incidentDate": "2022-02-18",
    "createdAt": "2022-04-11",
    "amount": "1535.00",
    "holder": "Ronnie Leffler DDS",
    "policyNumber": "TL-60365",
    "insuredItem": "Unbranded Fresh Chicken",
    "description": "Blanditiis numquam facere qui ab esse quos fuga dolorem ut voluptatem iure libero vitae veritatis.",
    "processingFee": "126.00",
    "status": "Submitted"
  },
  {
    "id": 38,
    "number": "CL-41594",
    "incidentDate": "2022-07-12",
    "createdAt": "2022-09-07",
    "amount": "1961.00",
    "holder": "Blanca Kohler",
    "policyNumber": "TL-64398",
    "insuredItem": "Incredible Plastic Pants",
    "description": "Quos et repellendus necessitatibus fugit quod magnam sit sequi et dolores aut non modi quasi.",
    "processingFee": "120.00",
    "status": "Submitted"
  },
  {
    "id": 39,
    "number": "CL-89550",
    "incidentDate": "2022-06-07",
    "createdAt": "2022-08-04",
    "amount": "273.00",
    "holder": "Jennifer Schowalter",
    "policyNumber": "TL-65811",
    "insuredItem": "Oriental Granite Shirt",
    "description": "Tempora cupiditate aut vitae voluptate libero fugiat dicta illo officia et vero delectus velit iste.",
    "processingFee": "145.00",
    "status": "Rejected"
  },
  {
    "id": 40,
    "number": "CL-32971",
    "incidentDate": "2022-07-23",
    "createdAt": "2022-08-27",
    "amount": "1257.00",
    "holder": "Leroy Mayert",
    "policyNumber": "TL-57084",
    "insuredItem": "Generic Cotton Bike",
    "description": "Qui enim voluptas sequi sit adipisci sint reprehenderit aliquam enim sunt nulla corrupti deserunt eius.",
    "processingFee": "111.00",
    "status": "Processed"
  },
  {
    "id": 41,
    "number": "CL-64527",
    "incidentDate": "2022-02-24",
    "createdAt": "2022-04-12",
    "amount": "444.00",
    "holder": "Bonnie Donnelly",
    "policyNumber": "TL-26914",
    "insuredItem": "Handcrafted Soft Keyboard",
    "description": "Laborum natus facere consequatur et ratione id nostrum et molestiae voluptatem incidunt minima libero labore.",
    "processingFee": "108.00",
    "status": "Submitted"
  },
  {
    "id": 42,
    "number": "CL-24293",
    "incidentDate": "2022-02-24",
    "createdAt": "2022-03-09",
    "amount": "677.00",
    "holder": "Leticia Gutkowski",
    "policyNumber": "TL-86277",
    "insuredItem": "Handcrafted Metal Hat",
    "description": "Eligendi repellendus mollitia est et temporibus dolorem laudantium tenetur soluta et et molestiae facilis et.",
    "processingFee": "141.00",
    "status": "Processed"
  },
  {
    "id": 43,
    "number": "CL-20048",
    "incidentDate": "2022-05-08",
    "createdAt": "2022-05-20",
    "amount": "1546.00",
    "holder": "Fred Harris",
    "policyNumber": "TL-23059",
    "insuredItem": "Unbranded Concrete Soap",
    "description": "Velit ipsum perferendis ab maxime ratione debitis rerum qui cupiditate aut quas sequi consequatur ut.",
    "processingFee": "63.00",
    "status": "Submitted"
  },
  {
    "id": 44,
    "number": "CL-72265",
    "incidentDate": "2022-07-19",
    "createdAt": "2022-08-30",
    "amount": "1217.00",
    "holder": "Whitney Cassin",
    "policyNumber": "TL-10805",
    "insuredItem": "Incredible Fresh Salad",
    "description": "Sunt eveniet numquam dicta voluptas ut aut eligendi rerum soluta dolorem quas corporis rerum omnis.",
    "processingFee": "149.00",
    "status": "Processed"
  },
  {
    "id": 45,
    "number": "CL-73782",
    "incidentDate": "2022-02-09",
    "createdAt": "2022-04-08",
    "amount": "248.00",
    "holder": "Malcolm MacGyver",
    "policyNumber": "TL-30268",
    "insuredItem": "Handmade Metal Ball",
    "description": "Reprehenderit eligendi cumque delectus vel ea dolores recusandae ut ut quos sint aspernatur ipsum incidunt.",
    "processingFee": "85.00",
    "status": "Rejected"
  },
  {
    "id": 46,
    "number": "CL-94855",
    "incidentDate": "2022-03-28",
    "createdAt": "2022-04-27",
    "amount": "989.00",
    "holder": "Ms. Lance Dach",
    "policyNumber": "TL-37152",
    "insuredItem": "Generic Bronze Tuna",
    "description": "Esse et officia ut id sit maxime voluptatem eum laborum quaerat non harum illo accusantium.",
    "processingFee": "96.00",
    "status": "Processed"
  },
  {
    "id": 47,
    "number": "CL-96608",
    "incidentDate": "2022-07-23",
    "createdAt": "2022-08-05",
    "amount": "1244.00",
    "holder": "Dr. Katherine Kunze",
    "policyNumber": "TL-21715",
    "insuredItem": "Ergonomic Wooden Hat",
    "description": "Eaque occaecati quo ut vel dolor doloremque sit qui praesentium ad inventore distinctio sint quis.",
    "processingFee": "55.00",
    "status": "Submitted"
  },
  {
    "id": 48,
    "number": "CL-85210",
    "incidentDate": "2022-08-14",
    "createdAt": "2022-08-22",
    "amount": "300.00",
    "holder": "Leroy Mayert",
    "policyNumber": "TL-57084",
    "insuredItem": "Incredible Fresh Shoes",
    "description": "Rem perferendis quidem voluptatem aperiam nam consequatur sed eum voluptate et architecto pariatur fugiat consequatur.",
    "processingFee": "103.00",
    "status": "Rejected"
  },
  {
    "id": 49,
    "number": "CL-40908",
    "incidentDate": "2022-04-30",
    "createdAt": "2022-06-11",
    "amount": "904.00",
    "holder": "Jacob Hilll",
    "policyNumber": "TL-39703",
    "insuredItem": "Practical Metal Chips",
    "description": "Soluta expedita hic omnis qui consequuntur quidem pariatur sit et earum eveniet necessitatibus voluptas aut.",
    "processingFee": "144.00",
    "status": "Rejected"
  },
  {
    "id": 50,
    "number": "CL-20346",
    "incidentDate": "2022-07-28",
    "createdAt": "2022-09-09",
    "amount": "803.00",
    "holder": "Dr. Elvira Lowe",
    "policyNumber": "TL-49469",
    "insuredItem": "Intelligent Cotton Computer",
    "description": "Culpa et nemo alias cum quas est error incidunt et ducimus facilis et fugiat eligendi.",
    "processingFee": "12.00",
    "status": "Submitted"
  },
  {
    "id": 51,
    "number": "CL-69258",
    "incidentDate": "2022-03-04",
    "createdAt": "2022-03-06",
    "amount": "1814.00",
    "holder": "Drew Heathcote DVM",
    "policyNumber": "TL-71115",
    "insuredItem": "Luxurious Rubber Chicken",
    "description": "Optio aliquid voluptatum qui quasi facere laboriosam sunt dolores quia ut exercitationem quasi eligendi vel.",
    "processingFee": "96.00",
    "status": "Approved"
  },
  {
    "id": 52,
    "number": "CL-93057",
    "incidentDate": "2022-03-04",
    "createdAt": "2022-03-25",
    "amount": "1234.00",
    "holder": "Melba Marquardt",
    "policyNumber": "TL-16768",
    "insuredItem": "Awesome Concrete Bike",
    "description": "Aut expedita porro id tempora quia fuga quia quos dolorum nostrum consequatur doloribus quia adipisci.",
    "processingFee": "79.00",
    "status": "Approved"
  },
  {
    "id": 53,
    "number": "CL-58293",
    "incidentDate": "2022-03-12",
    "createdAt": "2022-03-16",
    "amount": "1324.00",
    "holder": "Lucy Abshire II",
    "policyNumber": "TL-58784",
    "insuredItem": "Gorgeous Cotton Bacon",
    "description": "Quo commodi sit omnis sed autem voluptatem corporis illo vitae voluptatum consequatur vero nesciunt qui.",
    "processingFee": "85.00",
    "status": "Submitted"
  },
  {
    "id": 54,
    "number": "CL-71356",
    "incidentDate": "2022-06-26",
    "createdAt": "2022-08-23",
    "amount": "1157.00",
    "holder": "Travis Prosacco",
    "policyNumber": "TL-41660",
    "insuredItem": "Generic Metal Cheese",
    "description": "Dolores quia quam quas cumque nemo aut et voluptas ea qui magnam praesentium eius vel.",
    "processingFee": "24.00",
    "status": "Processed"
  },
  {
    "id": 55,
    "number": "CL-29942",
    "incidentDate": "2022-06-09",
    "createdAt": "2022-06-10",
    "amount": "1129.00",
    "holder": "Fredrick Kuphal",
    "policyNumber": "TL-31095",
    "insuredItem": "Gorgeous Fresh Soap",
    "description": "Nisi est reiciendis omnis fugiat non ea delectus ea aut est tempore beatae aperiam sint.",
    "processingFee": "114.00",
    "status": "Processed"
  },
  {
    "id": 56,
    "number": "CL-37703",
    "incidentDate": "2022-03-17",
    "createdAt": "2022-03-29",
    "amount": "1709.00",
    "holder": "Darren Halvorson",
    "policyNumber": "TL-72732",
    "insuredItem": "Generic Bronze Sausages",
    "description": "Sunt voluptatibus quaerat assumenda unde dolore suscipit quia vel nam ea praesentium odit quia eius.",
    "processingFee": "100.00",
    "status": "Processed"
  },
  {
    "id": 57,
    "number": "CL-58896",
    "incidentDate": "2022-03-12",
    "createdAt": "2022-04-21",
    "amount": "1733.00",
    "holder": "Ms. Clark Goyette",
    "policyNumber": "TL-76551",
    "insuredItem": "Rustic Wooden Table",
    "description": "Excepturi aspernatur cumque culpa consequatur est occaecati nihil et sit omnis voluptatem dolore velit veniam.",
    "processingFee": "25.00",
    "status": "Completed"
  },
  {
    "id": 58,
    "number": "CL-62003",
    "incidentDate": "2022-05-07",
    "createdAt": "2022-05-22",
    "amount": "1385.00",
    "holder": "Alan Goodwin",
    "policyNumber": "TL-95100",
    "insuredItem": "Small Metal Hat",
    "description": "Asperiores id reiciendis ullam non nihil totam voluptatum beatae rem sit qui rerum eius quisquam.",
    "processingFee": "43.00",
    "status": "Processed"
  },
  {
    "id": 59,
    "number": "CL-97458",
    "incidentDate": "2022-06-06",
    "createdAt": "2022-08-01",
    "amount": "1727.00",
    "holder": "Ebony Hirthe",
    "policyNumber": "TL-22660",
    "insuredItem": "Ergonomic Rubber Bacon",
    "description": "Inventore unde dolor voluptatum odit totam et laudantium dicta officia quidem voluptate quo ipsum qui.",
    "processingFee": "62.00",
    "status": "Submitted"
  },
  {
    "id": 60,
    "number": "CL-23407",
    "incidentDate": "2022-05-23",
    "createdAt": "2022-07-21",
    "amount": "823.00",
    "holder": "Ray Kertzmann",
    "policyNumber": "TL-51408",
    "insuredItem": "Unbranded Soft Bike",
    "description": "Facilis alias voluptates est rerum voluptas aliquam qui et voluptatem sequi mollitia voluptatem et nemo.",
    "processingFee": "80.00",
    "status": "Approved"
  },
  {
    "id": 61,
    "number": "CL-45841",
    "incidentDate": "2022-04-05",
    "createdAt": "2022-05-21",
    "amount": "1845.00",
    "holder": "Carrie Jaskolski",
    "policyNumber": "TL-31478",
    "insuredItem": "Fantastic Granite Computer",
    "description": "Minima id voluptatem veritatis est quis beatae sed officiis rerum atque excepturi saepe est nam.",
    "processingFee": "130.00",
    "status": "Processed"
  },
  {
    "id": 62,
    "number": "CL-63280",
    "incidentDate": "2022-06-15",
    "createdAt": "2022-07-01",
    "amount": "255.00",
    "holder": "Monique Legros",
    "policyNumber": "TL-32440",
    "insuredItem": "Ergonomic Cotton Towels",
    "description": "Ullam molestiae blanditiis ad atque esse soluta deserunt ea autem neque molestiae in omnis et.",
    "processingFee": "76.00",
    "status": "Rejected"
  },
  {
    "id": 63,
    "number": "CL-54346",
    "incidentDate": "2022-05-29",
    "createdAt": "2022-06-26",
    "amount": "230.00",
    "holder": "Reginald Rolfson",
    "policyNumber": "TL-70240",
    "insuredItem": "Recycled Rubber Mouse",
    "description": "Omnis cumque doloribus aliquam animi exercitationem dolore iusto at necessitatibus dolorem dolorem esse nihil ut.",
    "processingFee": "122.00",
    "status": "Approved"
  },
  {
    "id": 64,
    "number": "CL-70441",
    "incidentDate": "2022-03-08",
    "createdAt": "2022-05-05",
    "amount": "1254.00",
    "holder": "Terrell Tremblay",
    "policyNumber": "TL-26721",
    "insuredItem": "Licensed Granite Pants",
    "description": "Necessitatibus aut culpa impedit qui nam debitis dolor quaerat consequatur placeat omnis voluptas est quos.",
    "processingFee": "18.00",
    "status": "Completed"
  },
  {
    "id": 65,
    "number": "CL-71605",
    "incidentDate": "2022-04-25",
    "createdAt": "2022-06-09",
    "amount": "619.00",
    "holder": "Jay Gleason DDS",
    "policyNumber": "TL-82567",
    "insuredItem": "Luxurious Bronze Pants",
    "description": "Ipsum quis neque dolores est ipsum voluptatem sed voluptatum necessitatibus nostrum hic corrupti neque rem.",
    "processingFee": "83.00",
    "status": "Processed"
  },
  {
    "id": 66,
    "number": "CL-42398",
    "incidentDate": "2022-04-01",
    "createdAt": "2022-04-29",
    "amount": "1973.00",
    "holder": "Grady Fritsch",
    "policyNumber": "TL-46138",
    "insuredItem": "Generic Frozen Tuna",
    "description": "Mollitia vitae eius modi illo aut soluta fuga non in architecto voluptatem suscipit et quidem.",
    "processingFee": "37.00",
    "status": "Rejected"
  },
  {
    "id": 67,
    "number": "CL-69073",
    "incidentDate": "2022-02-27",
    "createdAt": "2022-03-22",
    "amount": "594.00",
    "holder": "Gary Howell",
    "policyNumber": "TL-66020",
    "insuredItem": "Small Frozen Gloves",
    "description": "Repellendus sed facere placeat quidem ad nobis aperiam eveniet nihil occaecati illum praesentium fugiat dolores.",
    "processingFee": "102.00",
    "status": "Completed"
  },
  {
    "id": 68,
    "number": "CL-55831",
    "incidentDate": "2022-04-09",
    "createdAt": "2022-04-24",
    "amount": "1117.00",
    "holder": "Gary Howell",
    "policyNumber": "TL-66020",
    "insuredItem": "Sleek Wooden Ball",
    "description": "Repellendus inventore dolorem perferendis labore aspernatur sint fuga sit cum blanditiis voluptatem officiis ad natus.",
    "processingFee": "46.00",
    "status": "Rejected"
  },
  {
    "id": 69,
    "number": "CL-40800",
    "incidentDate": "2022-07-02",
    "createdAt": "2022-08-19",
    "amount": "1700.00",
    "holder": "Douglas Spencer",
    "policyNumber": "TL-47616",
    "insuredItem": "Bespoke Soft Chips",
    "description": "Nobis beatae fuga ut consequatur aspernatur totam deserunt iure odio unde laborum quis et non.",
    "processingFee": "123.00",
    "status": "Rejected"
  },
  {
    "id": 70,
    "number": "CL-12970",
    "incidentDate": "2022-03-25",
    "createdAt": "2022-03-26",
    "amount": "1859.00",
    "holder": "Desiree Sauer",
    "policyNumber": "TL-29954",
    "insuredItem": "Incredible Soft Tuna",
    "description": "Ipsum sit quia voluptatibus saepe porro nihil distinctio cupiditate dolorem et quibusdam ab ex ut.",
    "processingFee": "107.00",
    "status": "Submitted"
  },
  {
    "id": 71,
    "number": "CL-94349",
    "incidentDate": "2022-06-19",
    "createdAt": "2022-07-28",
    "amount": "1107.00",
    "holder": "Jeremiah Schuppe",
    "policyNumber": "TL-14591",
    "insuredItem": "Electronic Concrete Tuna",
    "description": "Eaque consequatur id debitis in occaecati aliquam ut exercitationem modi velit eos nihil saepe aut.",
    "processingFee": "52.00",
    "status": "Processed"
  },
  {
    "id": 72,
    "number": "CL-41302",
    "incidentDate": "2022-06-16",
    "createdAt": "2022-07-24",
    "amount": "369.00",
    "holder": "Preston Flatley",
    "policyNumber": "TL-69361",
    "insuredItem": "Tasty Plastic Towels",
    "description": "Natus nobis saepe et consequatur nulla excepturi earum quibusdam saepe ratione qui quibusdam nisi non.",
    "processingFee": "88.00",
    "status": "Rejected"
  },
  {
    "id": 73,
    "number": "CL-50234",
    "incidentDate": "2022-05-07",
    "createdAt": "2022-06-23",
    "amount": "1896.00",
    "holder": "Kyle Hilpert V",
    "policyNumber": "TL-89535",
    "insuredItem": "Fantastic Steel Car",
    "description": "Harum aliquam numquam vitae distinctio molestiae harum quod molestiae tenetur id laboriosam illo quia nesciunt.",
    "processingFee": "134.00",
    "status": "Rejected"
  },
  {
    "id": 74,
    "number": "CL-60104",
    "incidentDate": "2022-07-25",
    "createdAt": "2022-09-08",
    "amount": "679.00",
    "holder": "Hazel Trantow",
    "policyNumber": "TL-32798",
    "insuredItem": "Fantastic Bronze Car",
    "description": "Soluta modi sed totam dolores et et dignissimos quia mollitia dignissimos possimus repellendus omnis libero.",
    "processingFee": "149.00",
    "status": "Submitted"
  },
  {
    "id": 75,
    "number": "CL-66245",
    "incidentDate": "2022-03-25",
    "createdAt": "2022-05-23",
    "amount": "1787.00",
    "holder": "Loretta Rippin Sr.",
    "policyNumber": "TL-42878",
    "insuredItem": "Small Wooden Sausages",
    "description": "Magnam officiis qui placeat rerum at impedit quis dolor in delectus aut magnam et voluptas.",
    "processingFee": "82.00",
    "status": "Processed"
  },
  {
    "id": 76,
    "number": "CL-98421",
    "incidentDate": "2022-06-20",
    "createdAt": "2022-07-13",
    "amount": "337.00",
    "holder": "Ms. Clark Goyette",
    "policyNumber": "TL-76551",
    "insuredItem": "Rustic Bronze Soap",
    "description": "Iure distinctio tempore vitae exercitationem sint esse aut sint consequuntur ipsa nihil sint dicta animi.",
    "processingFee": "42.00",
    "status": "Rejected"
  },
  {
    "id": 77,
    "number": "CL-68040",
    "incidentDate": "2022-02-18",
    "createdAt": "2022-04-11",
    "amount": "1515.00",
    "holder": "Alan Goodwin",
    "policyNumber": "TL-95100",
    "insuredItem": "Tasty Steel Bike",
    "description": "Laboriosam minima in numquam soluta amet quia et maxime soluta modi architecto animi iusto est.",
    "processingFee": "96.00",
    "status": "Processed"
  },
  {
    "id": 78,
    "number": "CL-49841",
    "incidentDate": "2022-02-24",
    "createdAt": "2022-04-04",
    "amount": "527.00",
    "holder": "Terri Bartell",
    "policyNumber": "TL-28819",
    "insuredItem": "Handmade Cotton Pants",
    "description": "Quibusdam deleniti ut porro delectus alias laudantium et nesciunt nam cupiditate ut at ad occaecati.",
    "processingFee": "45.00",
    "status": "Submitted"
  },
  {
    "id": 79,
    "number": "CL-39316",
    "incidentDate": "2022-08-07",
    "createdAt": "2022-08-29",
    "amount": "1947.00",
    "holder": "Lynn Bailey",
    "policyNumber": "TL-76606",
    "insuredItem": "Handcrafted Wooden Salad",
    "description": "Libero corrupti aut voluptas qui maxime qui sit perspiciatis ea quas ut repellendus sit aut.",
    "processingFee": "137.00",
    "status": "Rejected"
  },
  {
    "id": 80,
    "number": "CL-80125",
    "incidentDate": "2022-05-10",
    "createdAt": "2022-06-22",
    "amount": "1975.00",
    "holder": "Josh O'Hara",
    "policyNumber": "TL-27594",
    "insuredItem": "Electronic Steel Keyboard",
    "description": "Est quo fugiat ea provident in exercitationem corrupti est velit beatae odio voluptates voluptatem cupiditate.",
    "processingFee": "16.00",
    "status": "Rejected"
  },
  {
    "id": 81,
    "number": "CL-18576",
    "incidentDate": "2022-07-15",
    "createdAt": "2022-07-21",
    "amount": "794.00",
    "holder": "Douglas Spencer",
    "policyNumber": "TL-47616",
    "insuredItem": "Modern Fresh Soap",
    "description": "Odit aspernatur aut cupiditate placeat voluptatibus totam ut occaecati non fugit rerum ad voluptates dolor.",
    "processingFee": "145.00",
    "status": "Submitted"
  },
  {
    "id": 82,
    "number": "CL-46253",
    "incidentDate": "2022-06-24",
    "createdAt": "2022-07-26",
    "amount": "884.00",
    "holder": "Alejandro Crist",
    "policyNumber": "TL-17223",
    "insuredItem": "Bespoke Wooden Keyboard",
    "description": "Possimus similique distinctio nesciunt at accusamus unde autem sit distinctio ratione totam veniam sunt pariatur.",
    "processingFee": "62.00",
    "status": "Processed"
  },
  {
    "id": 83,
    "number": "CL-41975",
    "incidentDate": "2022-07-03",
    "createdAt": "2022-07-04",
    "amount": "1043.00",
    "holder": "May Tromp",
    "policyNumber": "TL-21993",
    "insuredItem": "Intelligent Steel Shirt",
    "description": "Voluptas sunt aut expedita quas voluptates quisquam consectetur doloribus quod dolor consectetur perferendis nisi provident.",
    "processingFee": "109.00",
    "status": "Rejected"
  },
  {
    "id": 84,
    "number": "CL-56767",
    "incidentDate": "2022-08-23",
    "createdAt": "2022-08-26",
    "amount": "1260.00",
    "holder": "Mindy Lemke PhD",
    "policyNumber": "TL-29966",
    "insuredItem": "Intelligent Cotton Fish",
    "description": "Vitae eum praesentium quod dolores omnis et dignissimos laborum reprehenderit reiciendis aliquid aut aut voluptatem.",
    "processingFee": "99.00",
    "status": "Submitted"
  },
  {
    "id": 85,
    "number": "CL-43604",
    "incidentDate": "2022-05-23",
    "createdAt": "2022-07-17",
    "amount": "1227.00",
    "holder": "Miss Rene Torphy",
    "policyNumber": "TL-47612",
    "insuredItem": "Handmade Plastic Fish",
    "description": "Voluptatem eligendi minima quia atque ut nihil voluptatem odit iure praesentium commodi quia illo beatae.",
    "processingFee": "93.00",
    "status": "Processed"
  },
  {
    "id": 86,
    "number": "CL-50856",
    "incidentDate": "2022-04-09",
    "createdAt": "2022-06-04",
    "amount": "419.00",
    "holder": "Delbert Fisher",
    "policyNumber": "TL-17722",
    "insuredItem": "Luxurious Steel Cheese",
    "description": "Accusantium qui fugit deleniti expedita sed vel esse qui earum officiis voluptas debitis est qui.",
    "processingFee": "92.00",
    "status": "Processed"
  },
  {
    "id": 87,
    "number": "CL-98080",
    "incidentDate": "2022-07-07",
    "createdAt": "2022-08-26",
    "amount": "648.00",
    "holder": "Jeremiah Schuppe",
    "policyNumber": "TL-14591",
    "insuredItem": "Unbranded Frozen Car",
    "description": "Quia repudiandae est dignissimos provident est similique voluptatum qui optio doloremque eligendi corporis aut voluptatum.",
    "processingFee": "38.00",
    "status": "Rejected"
  },
  {
    "id": 88,
    "number": "CL-38694",
    "incidentDate": "2022-04-12",
    "createdAt": "2022-04-12",
    "amount": "372.00",
    "holder": "Ms. Lance Dach",
    "policyNumber": "TL-37152",
    "insuredItem": "Incredible Wooden Keyboard",
    "description": "Recusandae vero sit illum vel veniam aut corrupti quibusdam quis non neque nihil laborum natus.",
    "processingFee": "36.00",
    "status": "Approved"
  },
  {
    "id": 89,
    "number": "CL-31038",
    "incidentDate": "2022-01-07",
    "createdAt": "2022-03-01",
    "amount": "1651.00",
    "holder": "Alejandro Crist",
    "policyNumber": "TL-17223",
    "insuredItem": "Elegant Fresh Chips",
    "description": "Reprehenderit et sunt quaerat accusamus animi corporis debitis ullam repellat dolore quos dolorem laborum amet.",
    "processingFee": "112.00",
    "status": "Submitted"
  },
  {
    "id": 90,
    "number": "CL-97969",
    "incidentDate": "2022-05-22",
    "createdAt": "2022-07-12",
    "amount": "1980.00",
    "holder": "Gilbert Ryan",
    "policyNumber": "TL-37657",
    "insuredItem": "Awesome Metal Salad",
    "description": "Blanditiis est asperiores accusantium culpa similique dolorem delectus id nisi molestias enim eligendi repudiandae rem.",
    "processingFee": "19.00",
    "status": "Rejected"
  },
  {
    "id": 91,
    "number": "CL-92275",
    "incidentDate": "2022-07-03",
    "createdAt": "2022-07-31",
    "amount": "1391.00",
    "holder": "Ms. Martha Glover II",
    "policyNumber": "TL-97799",
    "insuredItem": "Bespoke Cotton Towels",
    "description": "Nisi vel est molestiae delectus qui quidem facilis et ut aut error temporibus debitis officiis.",
    "processingFee": "22.00",
    "status": "Processed"
  },
  {
    "id": 92,
    "number": "CL-73933",
    "incidentDate": "2022-04-21",
    "createdAt": "2022-05-11",
    "amount": "1590.00",
    "holder": "Eleanor Keeling",
    "policyNumber": "TL-81591",
    "insuredItem": "Fantastic Fresh Keyboard",
    "description": "Quaerat maxime dignissimos at exercitationem quibusdam quo quo id pariatur ab deserunt porro omnis ipsum.",
    "processingFee": "106.00",
    "status": "Submitted"
  },
  {
    "id": 93,
    "number": "CL-23451",
    "incidentDate": "2022-04-10",
    "createdAt": "2022-04-25",
    "amount": "1896.00",
    "holder": "Shannon Barrows",
    "policyNumber": "TL-20929",
    "insuredItem": "Rustic Wooden Car",
    "description": "Exercitationem ipsam placeat sed quo dicta omnis vitae debitis et dolorem fuga sequi dignissimos eos.",
    "processingFee": "85.00",
    "status": "Approved"
  },
  {
    "id": 94,
    "number": "CL-44310",
    "incidentDate": "2022-07-29",
    "createdAt": "2022-08-22",
    "amount": "848.00",
    "holder": "Brandon Gusikowski",
    "policyNumber": "TL-75297",
    "insuredItem": "Rustic Fresh Soap",
    "description": "Expedita enim eum et culpa corrupti aut illo impedit optio autem laborum dignissimos quia tenetur.",
    "processingFee": "111.00",
    "status": "Submitted"
  },
  {
    "id": 95,
    "number": "CL-89657",
    "incidentDate": "2022-07-21",
    "createdAt": "2022-09-11",
    "amount": "1222.00",
    "holder": "Shari Graham",
    "policyNumber": "TL-43909",
    "insuredItem": "Elegant Frozen Bike",
    "description": "Aliquam quasi alias quia facilis eum consectetur rerum labore ea beatae ad voluptatem eius rerum.",
    "processingFee": "69.00",
    "status": "Rejected"
  },
  {
    "id": 96,
    "number": "CL-61739",
    "incidentDate": "2022-05-10",
    "createdAt": "2022-06-01",
    "amount": "1324.00",
    "holder": "Dr. Elvira Lowe",
    "policyNumber": "TL-49469",
    "insuredItem": "Handcrafted Steel Towels",
    "description": "Et et atque voluptas et minima rerum corrupti dolor harum enim nihil natus id praesentium.",
    "processingFee": "131.00",
    "status": "Rejected"
  },
  {
    "id": 97,
    "number": "CL-25235",
    "incidentDate": "2022-06-13",
    "createdAt": "2022-06-20",
    "amount": "444.00",
    "holder": "Orville Cole",
    "policyNumber": "TL-62991",
    "insuredItem": "Handmade Steel Computer",
    "description": "Velit aut sit praesentium amet sunt sit quia rem minima consequuntur corrupti accusantium ipsum non.",
    "processingFee": "13.00",
    "status": "Approved"
  },
  {
    "id": 98,
    "number": "CL-96907",
    "incidentDate": "2022-05-09",
    "createdAt": "2022-06-04",
    "amount": "1823.00",
    "holder": "Max Little",
    "policyNumber": "TL-54172",
    "insuredItem": "Electronic Metal Bacon",
    "description": "Minima iure quis enim quia quidem vero non voluptates optio maxime tempora ut saepe voluptatibus.",
    "processingFee": "18.00",
    "status": "Approved"
  },
  {
    "id": 99,
    "number": "CL-22790",
    "incidentDate": "2022-01-26",
    "createdAt": "2022-03-23",
    "amount": "1915.00",
    "holder": "Brendan Casper MD",
    "policyNumber": "TL-86587",
    "insuredItem": "Ergonomic Bronze Cheese",
    "description": "Eum occaecati omnis iure temporibus commodi veniam laborum quod et molestias sit nihil quas ut.",
    "processingFee": "16.00",
    "status": "Submitted"
  },
  {
    "id": 100,
    "number": "CL-99626",
    "incidentDate": "2022-07-29",
    "createdAt": "2022-08-27",
    "amount": "649.00",
    "holder": "Leslie Kreiger",
    "policyNumber": "TL-81046",
    "insuredItem": "Electronic Rubber Bike",
    "description": "Velit voluptatem veniam et qui vero porro quam odit dolores provident quos est magnam pariatur.",
    "processingFee": "23.00",
    "status": "Submitted"
  },
  {
    "id": 101,
    "number": "CL-43031",
    "incidentDate": "2022-02-02",
    "createdAt": "2022-03-23",
    "amount": "1089.00",
    "holder": "Raul Erdman",
    "policyNumber": "TL-11205",
    "insuredItem": "Sleek Steel Fish",
    "description": "Dolores officiis debitis possimus qui consequuntur et ratione quia nobis voluptatem magni atque quasi id.",
    "processingFee": "14.00",
    "status": "Approved"
  },
  {
    "id": 102,
    "number": "CL-38292",
    "incidentDate": "2022-02-09",
    "createdAt": "2022-04-10",
    "amount": "412.00",
    "holder": "Dr. Yvette Connelly",
    "policyNumber": "TL-22525",
    "insuredItem": "Small Metal Shirt",
    "description": "Atque necessitatibus nisi sequi nihil atque officiis enim molestias excepturi et unde dolore dignissimos nam.",
    "processingFee": "113.00",
    "status": "Submitted"
  },
  {
    "id": 103,
    "number": "CL-42574",
    "incidentDate": "2022-03-04",
    "createdAt": "2022-03-29",
    "amount": "1873.00",
    "holder": "Marjorie Crooks",
    "policyNumber": "TL-49362",
    "insuredItem": "Sleek Cotton Pants",
    "description": "Eligendi voluptas magni similique ipsum aspernatur asperiores similique impedit occaecati impedit tenetur a voluptatem reprehenderit.",
    "processingFee": "105.00",
    "status": "Rejected"
  },
  {
    "id": 104,
    "number": "CL-12035",
    "incidentDate": "2022-02-12",
    "createdAt": "2022-03-25",
    "amount": "435.00",
    "holder": "Flora Konopelski",
    "policyNumber": "TL-96718",
    "insuredItem": "Modern Cotton Shirt",
    "description": "Eos dolore voluptatibus odio qui exercitationem aut magni aliquam quos et fugiat alias nihil commodi.",
    "processingFee": "90.00",
    "status": "Approved"
  },
  {
    "id": 105,
    "number": "CL-49852",
    "incidentDate": "2022-07-03",
    "createdAt": "2022-07-13",
    "amount": "1834.00",
    "holder": "Vernon Ward MD",
    "policyNumber": "TL-26945",
    "insuredItem": "Refined Rubber Computer",
    "description": "Sunt aliquam repellat commodi aut quibusdam cum soluta vero voluptates odio est ut distinctio distinctio.",
    "processingFee": "105.00",
    "status": "Processed"
  },
  {
    "id": 106,
    "number": "CL-68571",
    "incidentDate": "2022-03-19",
    "createdAt": "2022-04-10",
    "amount": "612.00",
    "holder": "Loretta Rippin Sr.",
    "policyNumber": "TL-42878",
    "insuredItem": "Luxurious Fresh Table",
    "description": "Quasi aut aut molestias architecto perspiciatis deserunt assumenda necessitatibus ipsam ut et et rerum dignissimos.",
    "processingFee": "143.00",
    "status": "Approved"
  },
  {
    "id": 107,
    "number": "CL-75849",
    "incidentDate": "2022-02-09",
    "createdAt": "2022-03-06",
    "amount": "1555.00",
    "holder": "Preston Flatley",
    "policyNumber": "TL-69361",
    "insuredItem": "Handcrafted Soft Fish",
    "description": "Necessitatibus molestias incidunt quia facere ut quia rerum quam dignissimos consectetur est dolores aliquam natus.",
    "processingFee": "105.00",
    "status": "Completed"
  },
  {
    "id": 108,
    "number": "CL-59291",
    "incidentDate": "2022-08-04",
    "createdAt": "2022-09-11",
    "amount": "983.00",
    "holder": "Mr. Ivan Blick III",
    "policyNumber": "TL-73360",
    "insuredItem": "Sleek Bronze Chair",
    "description": "Molestias aliquid similique accusamus nostrum error perferendis ut optio explicabo voluptatem ipsa molestias repellat doloremque.",
    "processingFee": "65.00",
    "status": "Approved"
  },
  {
    "id": 109,
    "number": "CL-55688",
    "incidentDate": "2022-02-27",
    "createdAt": "2022-03-01",
    "amount": "320.00",
    "holder": "Ronnie McGlynn",
    "policyNumber": "TL-51338",
    "insuredItem": "Awesome Plastic Tuna",
    "description": "Consequatur suscipit suscipit dolor molestiae molestias illum animi aut autem id laudantium ut rerum est.",
    "processingFee": "50.00",
    "status": "Rejected"
  },
  {
    "id": 110,
    "number": "CL-50920",
    "incidentDate": "2022-02-10",
    "createdAt": "2022-03-19",
    "amount": "1949.00",
    "holder": "Shari Graham",
    "policyNumber": "TL-43909",
    "insuredItem": "Refined Fresh Bacon",
    "description": "Amet natus enim error autem velit suscipit vel ab et aut natus dolorem corporis veritatis.",
    "processingFee": "147.00",
    "status": "Processed"
  },
  {
    "id": 111,
    "number": "CL-21403",
    "incidentDate": "2022-03-29",
    "createdAt": "2022-05-20",
    "amount": "982.00",
    "holder": "Hazel Trantow",
    "policyNumber": "TL-32798",
    "insuredItem": "Awesome Steel Pants",
    "description": "Sit molestiae provident odit non consectetur ex voluptas quia qui perspiciatis explicabo dolor autem quas.",
    "processingFee": "103.00",
    "status": "Processed"
  },
  {
    "id": 112,
    "number": "CL-71924",
    "incidentDate": "2022-02-07",
    "createdAt": "2022-04-06",
    "amount": "517.00",
    "holder": "Stella Weber",
    "policyNumber": "TL-57194",
    "insuredItem": "Licensed Bronze Tuna",
    "description": "Odit eius dolores est quibusdam repellendus iste ea maiores minima nihil dolorum corrupti reprehenderit voluptas.",
    "processingFee": "33.00",
    "status": "Processed"
  },
  {
    "id": 113,
    "number": "CL-95696",
    "incidentDate": "2022-05-01",
    "createdAt": "2022-06-20",
    "amount": "1732.00",
    "holder": "Jeannette Mante",
    "policyNumber": "TL-21183",
    "insuredItem": "Electronic Bronze Gloves",
    "description": "Vitae eum quas nihil illo minima nihil ut dolor quis asperiores molestiae omnis iste eum.",
    "processingFee": "120.00",
    "status": "Completed"
  },
  {
    "id": 114,
    "number": "CL-35701",
    "incidentDate": "2022-03-16",
    "createdAt": "2022-04-19",
    "amount": "1406.00",
    "holder": "Horace Leannon II",
    "policyNumber": "TL-56889",
    "insuredItem": "Incredible Cotton Chair",
    "description": "Ipsa dolorem quia et in minima deserunt accusantium officiis similique quidem beatae modi delectus ullam.",
    "processingFee": "97.00",
    "status": "Rejected"
  },
  {
    "id": 115,
    "number": "CL-40780",
    "incidentDate": "2022-01-17",
    "createdAt": "2022-03-02",
    "amount": "727.00",
    "holder": "Jeannette Mante",
    "policyNumber": "TL-21183",
    "insuredItem": "Handcrafted Granite Salad",
    "description": "Explicabo maiores ut eaque ut perferendis est ipsum quia sed saepe consequuntur corporis quidem ut.",
    "processingFee": "66.00",
    "status": "Submitted"
  },
  {
    "id": 116,
    "number": "CL-24898",
    "incidentDate": "2022-03-30",
    "createdAt": "2022-04-12",
    "amount": "1124.00",
    "holder": "Juana Barrows",
    "policyNumber": "TL-25981",
    "insuredItem": "Incredible Granite Salad",
    "description": "Aut in id nam autem est eveniet possimus unde velit quam non error commodi dolorum.",
    "processingFee": "29.00",
    "status": "Completed"
  },
  {
    "id": 117,
    "number": "CL-52600",
    "incidentDate": "2022-05-22",
    "createdAt": "2022-05-28",
    "amount": "1473.00",
    "holder": "Fredrick Paucek",
    "policyNumber": "TL-75098",
    "insuredItem": "Awesome Fresh Chair",
    "description": "Corrupti voluptas voluptatem rem esse libero dignissimos impedit voluptate odit ut aut ad qui eaque.",
    "processingFee": "78.00",
    "status": "Rejected"
  },
  {
    "id": 118,
    "number": "CL-77343",
    "incidentDate": "2022-07-26",
    "createdAt": "2022-09-10",
    "amount": "1006.00",
    "holder": "Alan Goodwin",
    "policyNumber": "TL-95100",
    "insuredItem": "Tasty Bronze Towels",
    "description": "Veritatis dicta adipisci deserunt debitis tempore ex quaerat illo et accusamus qui aut blanditiis ea.",
    "processingFee": "43.00",
    "status": "Processed"
  },
  {
    "id": 119,
    "number": "CL-97606",
    "incidentDate": "2022-07-28",
    "createdAt": "2022-09-03",
    "amount": "1296.00",
    "holder": "Leroy Mayert",
    "policyNumber": "TL-57084",
    "insuredItem": "Electronic Soft Mouse",
    "description": "Qui et nesciunt sit rerum sit velit ea necessitatibus quo eos et qui autem rerum.",
    "processingFee": "140.00",
    "status": "Processed"
  },
  {
    "id": 120,
    "number": "CL-81415",
    "incidentDate": "2022-05-31",
    "createdAt": "2022-06-04",
    "amount": "1651.00",
    "holder": "Sharon Greenfelder",
    "policyNumber": "TL-64430",
    "insuredItem": "Generic Metal Shirt",
    "description": "Commodi nisi ut qui nihil illo ea perspiciatis blanditiis perferendis earum perspiciatis aperiam aut expedita.",
    "processingFee": "109.00",
    "status": "Completed"
  },
  {
    "id": 121,
    "number": "CL-35688",
    "incidentDate": "2022-01-23",
    "createdAt": "2022-03-11",
    "amount": "613.00",
    "holder": "Abraham Crist III",
    "policyNumber": "TL-46409",
    "insuredItem": "Electronic Granite Computer",
    "description": "Et voluptatibus sed quia error sed delectus cumque maiores iusto atque assumenda et et veniam.",
    "processingFee": "57.00",
    "status": "Submitted"
  },
  {
    "id": 122,
    "number": "CL-26837",
    "incidentDate": "2022-03-27",
    "createdAt": "2022-04-22",
    "amount": "1257.00",
    "holder": "Lena Hyatt",
    "policyNumber": "TL-78023",
    "insuredItem": "Generic Granite Fish",
    "description": "Repellendus minima provident autem dolorem aspernatur eveniet et ut provident nobis odio provident vel commodi.",
    "processingFee": "27.00",
    "status": "Submitted"
  },
  {
    "id": 123,
    "number": "CL-66629",
    "incidentDate": "2022-03-09",
    "createdAt": "2022-05-02",
    "amount": "977.00",
    "holder": "Preston Flatley",
    "policyNumber": "TL-69361",
    "insuredItem": "Practical Fresh Towels",
    "description": "Quas repellat voluptate quia quasi quia nemo eius culpa enim maiores qui incidunt consequatur rerum.",
    "processingFee": "145.00",
    "status": "Submitted"
  },
  {
    "id": 124,
    "number": "CL-95195",
    "incidentDate": "2022-04-16",
    "createdAt": "2022-06-13",
    "amount": "788.00",
    "holder": "Gene Brakus",
    "policyNumber": "TL-33307",
    "insuredItem": "Handmade Cotton Gloves",
    "description": "Eius in commodi et nam possimus aut magnam velit minus earum quo corporis sunt iste.",
    "processingFee": "84.00",
    "status": "Processed"
  },
  {
    "id": 125,
    "number": "CL-95557",
    "incidentDate": "2022-02-17",
    "createdAt": "2022-03-15",
    "amount": "244.00",
    "holder": "Darrell Hegmann",
    "policyNumber": "TL-29559",
    "insuredItem": "Refined Rubber Towels",
    "description": "In quibusdam alias soluta maiores aliquid earum vel et cupiditate beatae et autem adipisci officia.",
    "processingFee": "32.00",
    "status": "Completed"
  },
  {
    "id": 126,
    "number": "CL-42830",
    "incidentDate": "2022-06-02",
    "createdAt": "2022-07-07",
    "amount": "1114.00",
    "holder": "Abraham Crist III",
    "policyNumber": "TL-46409",
    "insuredItem": "Intelligent Plastic Computer",
    "description": "Inventore est quia consequatur assumenda sit porro nostrum eum odit quas enim et vitae amet.",
    "processingFee": "99.00",
    "status": "Approved"
  },
  {
    "id": 127,
    "number": "CL-88202",
    "incidentDate": "2022-08-02",
    "createdAt": "2022-08-08",
    "amount": "544.00",
    "holder": "Carroll Collins",
    "policyNumber": "TL-48712",
    "insuredItem": "Recycled Rubber Sausages",
    "description": "Atque nostrum qui et facilis quo molestias exercitationem est eum ducimus ut aspernatur odit placeat.",
    "processingFee": "55.00",
    "status": "Completed"
  },
  {
    "id": 128,
    "number": "CL-70933",
    "incidentDate": "2022-06-29",
    "createdAt": "2022-07-02",
    "amount": "1347.00",
    "holder": "Fredrick Kuphal",
    "policyNumber": "TL-31095",
    "insuredItem": "Small Frozen Bike",
    "description": "Et fuga qui temporibus error autem iure sed aliquam eum similique explicabo ut corporis facilis.",
    "processingFee": "23.00",
    "status": "Rejected"
  },
  {
    "id": 129,
    "number": "CL-11505",
    "incidentDate": "2022-04-11",
    "createdAt": "2022-05-02",
    "amount": "591.00",
    "holder": "Ivan Tillman",
    "policyNumber": "TL-29229",
    "insuredItem": "Gorgeous Wooden Towels",
    "description": "Sint corporis et nesciunt minima eum ab et voluptas atque laborum fugiat et dignissimos nemo.",
    "processingFee": "123.00",
    "status": "Processed"
  },
  {
    "id": 130,
    "number": "CL-47305",
    "incidentDate": "2022-02-25",
    "createdAt": "2022-04-22",
    "amount": "1499.00",
    "holder": "Jesse Krajcik",
    "policyNumber": "TL-86305",
    "insuredItem": "Intelligent Fresh Salad",
    "description": "Rem maiores fugiat repellendus nobis dolorum eos incidunt praesentium saepe ut odio quod aliquid neque.",
    "processingFee": "63.00",
    "status": "Approved"
  },
  {
    "id": 131,
    "number": "CL-97296",
    "incidentDate": "2022-07-03",
    "createdAt": "2022-07-23",
    "amount": "1144.00",
    "holder": "Mr. Ivan Blick III",
    "policyNumber": "TL-73360",
    "insuredItem": "Intelligent Metal Chair",
    "description": "Et nostrum sint possimus eos sed quisquam ea cupiditate voluptatem qui quod voluptatem placeat cum.",
    "processingFee": "53.00",
    "status": "Submitted"
  },
  {
    "id": 132,
    "number": "CL-37632",
    "incidentDate": "2022-04-26",
    "createdAt": "2022-06-20",
    "amount": "246.00",
    "holder": "Elizabeth Hills",
    "policyNumber": "TL-13249",
    "insuredItem": "Modern Metal Hat",
    "description": "Nam cumque hic magnam rerum aliquam qui omnis a et suscipit laborum magnam nesciunt ut.",
    "processingFee": "42.00",
    "status": "Submitted"
  },
  {
    "id": 133,
    "number": "CL-91814",
    "incidentDate": "2022-03-17",
    "createdAt": "2022-03-21",
    "amount": "1744.00",
    "holder": "Vernon Ward MD",
    "policyNumber": "TL-26945",
    "insuredItem": "Refined Plastic Chair",
    "description": "Consequatur et velit ea beatae ut maxime omnis cupiditate maxime illo totam totam facere voluptas.",
    "processingFee": "112.00",
    "status": "Processed"
  },
  {
    "id": 134,
    "number": "CL-60444",
    "incidentDate": "2022-02-25",
    "createdAt": "2022-03-05",
    "amount": "549.00",
    "holder": "Beulah Langworth",
    "policyNumber": "TL-68973",
    "insuredItem": "Rustic Concrete Tuna",
    "description": "Rerum enim harum quis id in aliquam id et placeat fugiat quia nemo alias aut.",
    "processingFee": "124.00",
    "status": "Processed"
  },
  {
    "id": 135,
    "number": "CL-91550",
    "incidentDate": "2022-07-02",
    "createdAt": "2022-08-22",
    "amount": "1898.00",
    "holder": "Micheal Oberbrunner",
    "policyNumber": "TL-89026",
    "insuredItem": "Gorgeous Soft Sausages",
    "description": "Ut itaque dolorem aut qui non autem nemo sit laudantium ut voluptatem ipsam dolore in.",
    "processingFee": "103.00",
    "status": "Approved"
  },
  {
    "id": 136,
    "number": "CL-95431",
    "incidentDate": "2022-06-15",
    "createdAt": "2022-06-19",
    "amount": "808.00",
    "holder": "Nadine Bayer",
    "policyNumber": "TL-65044",
    "insuredItem": "Tasty Frozen Hat",
    "description": "Sit quae illum at minus error dolores aut in voluptas culpa magni temporibus rerum labore.",
    "processingFee": "44.00",
    "status": "Processed"
  },
  {
    "id": 137,
    "number": "CL-66268",
    "incidentDate": "2022-06-08",
    "createdAt": "2022-07-22",
    "amount": "1291.00",
    "holder": "Della Mraz",
    "policyNumber": "TL-72517",
    "insuredItem": "Refined Bronze Bacon",
    "description": "Rem odit voluptates at voluptas et nulla enim quod voluptas qui repellat autem quos consequuntur.",
    "processingFee": "56.00",
    "status": "Completed"
  },
  {
    "id": 138,
    "number": "CL-60500",
    "incidentDate": "2022-07-22",
    "createdAt": "2022-07-27",
    "amount": "970.00",
    "holder": "Ms. Wesley Shanahan",
    "policyNumber": "TL-47529",
    "insuredItem": "Small Cotton Soap",
    "description": "Asperiores explicabo voluptatum mollitia ad nobis veniam assumenda accusamus repellat exercitationem excepturi non molestias nam.",
    "processingFee": "77.00",
    "status": "Processed"
  },
  {
    "id": 139,
    "number": "CL-53701",
    "incidentDate": "2022-03-11",
    "createdAt": "2022-04-03",
    "amount": "364.00",
    "holder": "Kim Schaden",
    "policyNumber": "TL-73782",
    "insuredItem": "Electronic Wooden Chips",
    "description": "Ipsa nesciunt quidem quam officia sapiente ea magnam necessitatibus sed assumenda voluptas consectetur asperiores eveniet.",
    "processingFee": "22.00",
    "status": "Approved"
  },
  {
    "id": 140,
    "number": "CL-68935",
    "incidentDate": "2022-06-30",
    "createdAt": "2022-08-21",
    "amount": "1895.00",
    "holder": "Vickie Jerde DVM",
    "policyNumber": "TL-32316",
    "insuredItem": "Electronic Cotton Shirt",
    "description": "Laudantium et voluptatibus corporis qui est ea libero eaque et et sint quis sapiente porro.",
    "processingFee": "120.00",
    "status": "Submitted"
  },
  {
    "id": 141,
    "number": "CL-95320",
    "incidentDate": "2022-08-20",
    "createdAt": "2022-08-24",
    "amount": "1061.00",
    "holder": "Erin Ledner",
    "policyNumber": "TL-86417",
    "insuredItem": "Luxurious Cotton Ball",
    "description": "Dolorem magni aut dolorem et id est molestias quo aut ipsa sit quia pariatur qui.",
    "processingFee": "50.00",
    "status": "Submitted"
  },
  {
    "id": 142,
    "number": "CL-32339",
    "incidentDate": "2022-03-16",
    "createdAt": "2022-04-10",
    "amount": "357.00",
    "holder": "Sheldon Goyette V",
    "policyNumber": "TL-47807",
    "insuredItem": "Handcrafted Frozen Shirt",
    "description": "Rerum dolores sunt libero vitae quibusdam id quae ipsa molestias distinctio deleniti velit assumenda debitis.",
    "processingFee": "10.00",
    "status": "Processed"
  },
  {
    "id": 143,
    "number": "CL-33462",
    "incidentDate": "2022-02-05",
    "createdAt": "2022-04-04",
    "amount": "1293.00",
    "holder": "Darrell Hegmann",
    "policyNumber": "TL-29559",
    "insuredItem": "Handmade Plastic Sausages",
    "description": "Nostrum consequuntur sit animi ipsa est sequi reiciendis distinctio ab nulla dolor amet vitae explicabo.",
    "processingFee": "135.00",
    "status": "Submitted"
  },
  {
    "id": 144,
    "number": "CL-15473",
    "incidentDate": "2022-05-02",
    "createdAt": "2022-06-16",
    "amount": "1798.00",
    "holder": "Mr. Caroline Ankunding",
    "policyNumber": "TL-35296",
    "insuredItem": "Tasty Soft Chips",
    "description": "Ratione accusantium ut eos possimus aliquam adipisci voluptatem enim consectetur est est illo fugit et.",
    "processingFee": "19.00",
    "status": "Rejected"
  },
  {
    "id": 145,
    "number": "CL-38998",
    "incidentDate": "2022-04-18",
    "createdAt": "2022-06-06",
    "amount": "1474.00",
    "holder": "Ray Kertzmann",
    "policyNumber": "TL-51408",
    "insuredItem": "Bespoke Wooden Bike",
    "description": "Incidunt voluptas dolor harum laboriosam possimus adipisci esse corporis omnis omnis qui iste nisi vitae.",
    "processingFee": "70.00",
    "status": "Approved"
  },
  {
    "id": 146,
    "number": "CL-87642",
    "incidentDate": "2022-05-03",
    "createdAt": "2022-06-30",
    "amount": "1067.00",
    "holder": "Nathan Schimmel",
    "policyNumber": "TL-65239",
    "insuredItem": "Fantastic Plastic Chips",
    "description": "Voluptas nesciunt nisi eius vel ipsam id cumque et dolorem eaque est et nihil dolor.",
    "processingFee": "49.00",
    "status": "Approved"
  },
  {
    "id": 147,
    "number": "CL-28804",
    "incidentDate": "2022-05-17",
    "createdAt": "2022-06-16",
    "amount": "606.00",
    "holder": "Malcolm Will",
    "policyNumber": "TL-34028",
    "insuredItem": "Rustic Soft Sausages",
    "description": "Alias quia ipsa sunt ipsum optio totam sit eveniet dolor porro dicta deleniti ab blanditiis.",
    "processingFee": "67.00",
    "status": "Completed"
  },
  {
    "id": 148,
    "number": "CL-35936",
    "incidentDate": "2022-04-12",
    "createdAt": "2022-04-27",
    "amount": "673.00",
    "holder": "Douglas Spencer",
    "policyNumber": "TL-47616",
    "insuredItem": "Bespoke Plastic Chair",
    "description": "Possimus sint atque id nemo reiciendis et voluptatum laboriosam corporis dolore magni eligendi enim ipsa.",
    "processingFee": "119.00",
    "status": "Processed"
  },
  {
    "id": 149,
    "number": "CL-48123",
    "incidentDate": "2022-05-04",
    "createdAt": "2022-05-18",
    "amount": "1097.00",
    "holder": "Stella Weber",
    "policyNumber": "TL-57194",
    "insuredItem": "Small Plastic Chips",
    "description": "Quia dolore iure facere porro laudantium maiores eius quia non suscipit aut facilis ut enim.",
    "processingFee": "143.00",
    "status": "Rejected"
  },
  {
    "id": 150,
    "number": "CL-56876",
    "incidentDate": "2022-06-21",
    "createdAt": "2022-07-14",
    "amount": "1618.00",
    "holder": "Raul Erdman",
    "policyNumber": "TL-11205",
    "insuredItem": "Modern Granite Tuna",
    "description": "Minima qui consequuntur tempora consectetur pariatur reiciendis voluptate voluptatum magni fugit molestiae non quia placeat.",
    "processingFee": "139.00",
    "status": "Approved"
  },
  {
    "id": 151,
    "number": "CL-65471",
    "incidentDate": "2022-05-21",
    "createdAt": "2022-06-06",
    "amount": "1931.00",
    "holder": "Roderick Raynor PhD",
    "policyNumber": "TL-84139",
    "insuredItem": "Ergonomic Cotton Mouse",
    "description": "At sint sapiente natus blanditiis quae molestias quia omnis voluptatibus velit aperiam numquam quod laboriosam.",
    "processingFee": "57.00",
    "status": "Completed"
  },
  {
    "id": 152,
    "number": "CL-80559",
    "incidentDate": "2022-04-27",
    "createdAt": "2022-06-11",
    "amount": "440.00",
    "holder": "Roman Lang",
    "policyNumber": "TL-21560",
    "insuredItem": "Fantastic Fresh Gloves",
    "description": "Qui laborum ipsum sapiente aspernatur quia exercitationem quis voluptas et nostrum hic et recusandae tempora.",
    "processingFee": "100.00",
    "status": "Completed"
  },
  {
    "id": 153,
    "number": "CL-14564",
    "incidentDate": "2022-09-03",
    "createdAt": "2022-09-10",
    "amount": "1212.00",
    "holder": "Abraham Crist III",
    "policyNumber": "TL-46409",
    "insuredItem": "Handcrafted Soft Gloves",
    "description": "Atque magnam alias et fuga voluptatem velit dolor consectetur repellendus rem aut quam atque fugit.",
    "processingFee": "73.00",
    "status": "Submitted"
  },
  {
    "id": 154,
    "number": "CL-68040",
    "incidentDate": "2022-01-27",
    "createdAt": "2022-03-05",
    "amount": "206.00",
    "holder": "Katherine Kihn III",
    "policyNumber": "TL-98665",
    "insuredItem": "Awesome Granite Tuna",
    "description": "Praesentium delectus saepe fuga tempora cum tenetur voluptate vel cupiditate labore rem a beatae inventore.",
    "processingFee": "53.00",
    "status": "Processed"
  },
  {
    "id": 155,
    "number": "CL-29931",
    "incidentDate": "2022-04-16",
    "createdAt": "2022-05-13",
    "amount": "1362.00",
    "holder": "Clyde Waters",
    "policyNumber": "TL-52457",
    "insuredItem": "Fantastic Concrete Bacon",
    "description": "Mollitia dolorem et fuga nulla repellendus sit incidunt nulla dolores dolor labore unde facilis magni.",
    "processingFee": "59.00",
    "status": "Rejected"
  },
  {
    "id": 156,
    "number": "CL-32672",
    "incidentDate": "2022-03-04",
    "createdAt": "2022-03-22",
    "amount": "1047.00",
    "holder": "Alan Goodwin",
    "policyNumber": "TL-95100",
    "insuredItem": "Ergonomic Concrete Pants",
    "description": "Error eum aut sed sapiente et voluptatem amet adipisci vel molestiae repudiandae voluptas culpa voluptatem.",
    "processingFee": "125.00",
    "status": "Submitted"
  },
  {
    "id": 157,
    "number": "CL-41983",
    "incidentDate": "2022-04-29",
    "createdAt": "2022-04-29",
    "amount": "334.00",
    "holder": "Monique Legros",
    "policyNumber": "TL-32440",
    "insuredItem": "Awesome Plastic Shirt",
    "description": "Vel unde eum dolore repellendus et ea possimus nam est voluptas velit vel error atque.",
    "processingFee": "54.00",
    "status": "Completed"
  },
  {
    "id": 158,
    "number": "CL-19335",
    "incidentDate": "2022-04-01",
    "createdAt": "2022-04-18",
    "amount": "1695.00",
    "holder": "Carrie Jaskolski",
    "policyNumber": "TL-31478",
    "insuredItem": "Licensed Frozen Shoes",
    "description": "Velit quo et dolorum error amet quam numquam aliquid fugit voluptatem distinctio aut qui a.",
    "processingFee": "53.00",
    "status": "Completed"
  },
  {
    "id": 159,
    "number": "CL-37410",
    "incidentDate": "2022-03-05",
    "createdAt": "2022-04-10",
    "amount": "1325.00",
    "holder": "Jake O'Reilly PhD",
    "policyNumber": "TL-91872",
    "insuredItem": "Unbranded Frozen Hat",
    "description": "Repudiandae at quod qui sequi placeat deleniti quod nemo voluptatem sed voluptatem a et ipsam.",
    "processingFee": "93.00",
    "status": "Processed"
  },
  {
    "id": 160,
    "number": "CL-19948",
    "incidentDate": "2022-03-13",
    "createdAt": "2022-03-20",
    "amount": "1483.00",
    "holder": "Ms. Clark Goyette",
    "policyNumber": "TL-76551",
    "insuredItem": "Intelligent Soft Bike",
    "description": "Consequatur voluptatem est dolor facere aspernatur autem repellat expedita dolore in tenetur quae autem ea.",
    "processingFee": "53.00",
    "status": "Completed"
  },
  {
    "id": 161,
    "number": "CL-29671",
    "incidentDate": "2022-07-10",
    "createdAt": "2022-08-26",
    "amount": "311.00",
    "holder": "Mrs. Aubrey Raynor",
    "policyNumber": "TL-19171",
    "insuredItem": "Licensed Steel Tuna",
    "description": "Nihil occaecati est quos adipisci et in recusandae cumque nesciunt blanditiis ullam eaque rerum officiis.",
    "processingFee": "28.00",
    "status": "Completed"
  },
  {
    "id": 162,
    "number": "CL-23574",
    "incidentDate": "2022-05-10",
    "createdAt": "2022-06-10",
    "amount": "787.00",
    "holder": "Donnie O'Connell",
    "policyNumber": "TL-20882",
    "insuredItem": "Recycled Wooden Chicken",
    "description": "Eligendi quisquam et quasi qui minus rerum totam quos ut consequatur iusto molestiae non qui.",
    "processingFee": "123.00",
    "status": "Submitted"
  },
  {
    "id": 163,
    "number": "CL-94884",
    "incidentDate": "2022-05-20",
    "createdAt": "2022-05-25",
    "amount": "387.00",
    "holder": "Max Little",
    "policyNumber": "TL-54172",
    "insuredItem": "Electronic Metal Towels",
    "description": "Rerum nisi voluptatem et quia fugiat nihil voluptatem voluptatem rerum est voluptas expedita incidunt possimus.",
    "processingFee": "35.00",
    "status": "Approved"
  },
  {
    "id": 164,
    "number": "CL-35606",
    "incidentDate": "2022-02-17",
    "createdAt": "2022-04-15",
    "amount": "1215.00",
    "holder": "Ivan Tillman",
    "policyNumber": "TL-29229",
    "insuredItem": "Refined Metal Keyboard",
    "description": "Harum at et magnam quasi et facilis sed accusantium fugiat praesentium et consequatur totam modi.",
    "processingFee": "102.00",
    "status": "Submitted"
  },
  {
    "id": 165,
    "number": "CL-79571",
    "incidentDate": "2022-05-21",
    "createdAt": "2022-06-17",
    "amount": "1755.00",
    "holder": "Dr. Elvira Lowe",
    "policyNumber": "TL-49469",
    "insuredItem": "Unbranded Bronze Keyboard",
    "description": "Tempora aperiam quae cumque repudiandae rerum nisi voluptatum ipsum architecto qui unde iste est occaecati.",
    "processingFee": "84.00",
    "status": "Rejected"
  },
  {
    "id": 166,
    "number": "CL-62008",
    "incidentDate": "2022-05-04",
    "createdAt": "2022-06-14",
    "amount": "1650.00",
    "holder": "Duane O'Kon",
    "policyNumber": "TL-31821",
    "insuredItem": "Fantastic Bronze Table",
    "description": "Corporis dignissimos alias voluptas tenetur voluptas omnis non eos corporis provident qui quisquam officiis ut.",
    "processingFee": "36.00",
    "status": "Completed"
  },
  {
    "id": 167,
    "number": "CL-61286",
    "incidentDate": "2022-06-28",
    "createdAt": "2022-07-15",
    "amount": "656.00",
    "holder": "Mr. Caroline Ankunding",
    "policyNumber": "TL-35296",
    "insuredItem": "Modern Metal Ball",
    "description": "Sint est perspiciatis dolor ut blanditiis excepturi et repellendus ex et tempore quo repellat inventore.",
    "processingFee": "145.00",
    "status": "Submitted"
  },
  {
    "id": 168,
    "number": "CL-63412",
    "incidentDate": "2022-04-21",
    "createdAt": "2022-05-06",
    "amount": "792.00",
    "holder": "Ronnie Leffler DDS",
    "policyNumber": "TL-60365",
    "insuredItem": "Incredible Steel Shoes",
    "description": "Ratione facere praesentium quia voluptatem non facilis fugit vel dolorem sunt est saepe omnis est.",
    "processingFee": "33.00",
    "status": "Submitted"
  },
  {
    "id": 169,
    "number": "CL-52579",
    "incidentDate": "2022-05-02",
    "createdAt": "2022-06-11",
    "amount": "1976.00",
    "holder": "Micheal Oberbrunner",
    "policyNumber": "TL-89026",
    "insuredItem": "Fantastic Concrete Shirt",
    "description": "Sint dolore delectus quo ut qui reprehenderit sit cumque et dignissimos incidunt minus accusamus distinctio.",
    "processingFee": "75.00",
    "status": "Rejected"
  },
  {
    "id": 170,
    "number": "CL-55297",
    "incidentDate": "2022-05-15",
    "createdAt": "2022-05-22",
    "amount": "1855.00",
    "holder": "Alfredo Hudson",
    "policyNumber": "TL-43880",
    "insuredItem": "Handcrafted Cotton Salad",
    "description": "Veniam veniam nihil nesciunt impedit est voluptatibus enim rerum nihil ut labore ad pariatur velit.",
    "processingFee": "58.00",
    "status": "Approved"
  },
  {
    "id": 171,
    "number": "CL-30930",
    "incidentDate": "2022-06-12",
    "createdAt": "2022-06-18",
    "amount": "1275.00",
    "holder": "Matt Trantow",
    "policyNumber": "TL-30558",
    "insuredItem": "Oriental Concrete Shoes",
    "description": "Fugiat recusandae ipsam veniam iure vel iste distinctio blanditiis non dolores velit officia dolores et.",
    "processingFee": "64.00",
    "status": "Submitted"
  },
  {
    "id": 172,
    "number": "CL-44980",
    "incidentDate": "2022-06-08",
    "createdAt": "2022-06-20",
    "amount": "1852.00",
    "holder": "Vernon Ward MD",
    "policyNumber": "TL-26945",
    "insuredItem": "Modern Concrete Pizza",
    "description": "Laudantium doloremque ex possimus sed corrupti iste molestias enim id dolore quia eos reiciendis ipsam.",
    "processingFee": "75.00",
    "status": "Rejected"
  },
  {
    "id": 173,
    "number": "CL-26402",
    "incidentDate": "2022-02-23",
    "createdAt": "2022-04-03",
    "amount": "549.00",
    "holder": "Julie Herzog",
    "policyNumber": "TL-83952",
    "insuredItem": "Awesome Rubber Pizza",
    "description": "Autem magnam quo dolorum eius voluptate ipsa voluptatibus officia enim delectus itaque et expedita omnis.",
    "processingFee": "71.00",
    "status": "Rejected"
  },
  {
    "id": 174,
    "number": "CL-84216",
    "incidentDate": "2022-03-23",
    "createdAt": "2022-04-13",
    "amount": "613.00",
    "holder": "Norma Larkin MD",
    "policyNumber": "TL-96780",
    "insuredItem": "Handmade Concrete Gloves",
    "description": "Unde explicabo ipsa cumque dolorem sit praesentium iure fugiat quaerat aperiam corporis mollitia tenetur ut.",
    "processingFee": "80.00",
    "status": "Processed"
  },
  {
    "id": 175,
    "number": "CL-55056",
    "incidentDate": "2022-02-20",
    "createdAt": "2022-03-15",
    "amount": "1131.00",
    "holder": "Juana Barrows",
    "policyNumber": "TL-25981",
    "insuredItem": "Ergonomic Steel Table",
    "description": "Id quam autem et fuga ut sunt illo expedita eos ex voluptate omnis consectetur voluptatem.",
    "processingFee": "55.00",
    "status": "Submitted"
  },
  {
    "id": 176,
    "number": "CL-54456",
    "incidentDate": "2022-05-29",
    "createdAt": "2022-06-26",
    "amount": "1726.00",
    "holder": "Perry Bartell",
    "policyNumber": "TL-58796",
    "insuredItem": "Practical Plastic Soap",
    "description": "Nemo consectetur soluta omnis hic quidem dolorem rerum non et autem animi consequuntur veniam vel.",
    "processingFee": "103.00",
    "status": "Rejected"
  },
  {
    "id": 177,
    "number": "CL-36411",
    "incidentDate": "2022-02-14",
    "createdAt": "2022-04-03",
    "amount": "1859.00",
    "holder": "Leslie Kreiger",
    "policyNumber": "TL-81046",
    "insuredItem": "Handmade Steel Shirt",
    "description": "Blanditiis est doloremque voluptatem porro ex consectetur quaerat expedita pariatur dignissimos quo provident quidem delectus.",
    "processingFee": "40.00",
    "status": "Processed"
  },
  {
    "id": 178,
    "number": "CL-82511",
    "incidentDate": "2022-03-26",
    "createdAt": "2022-04-19",
    "amount": "1628.00",
    "holder": "Miss Kristopher Rowe",
    "policyNumber": "TL-58126",
    "insuredItem": "Sleek Plastic Bacon",
    "description": "Dolores explicabo rerum amet praesentium adipisci quas enim illum omnis itaque odio beatae voluptatum et.",
    "processingFee": "36.00",
    "status": "Submitted"
  },
  {
    "id": 179,
    "number": "CL-54650",
    "incidentDate": "2022-02-05",
    "createdAt": "2022-03-08",
    "amount": "1741.00",
    "holder": "Nadine Bayer",
    "policyNumber": "TL-65044",
    "insuredItem": "Rustic Metal Cheese",
    "description": "Quasi quam aut necessitatibus vel odio dignissimos est dicta excepturi nesciunt adipisci et voluptates est.",
    "processingFee": "108.00",
    "status": "Processed"
  },
  {
    "id": 180,
    "number": "CL-15700",
    "incidentDate": "2022-02-09",
    "createdAt": "2022-03-18",
    "amount": "1021.00",
    "holder": "Alejandro Crist",
    "policyNumber": "TL-17223",
    "insuredItem": "Intelligent Steel Gloves",
    "description": "Corporis animi ullam quia error iusto voluptas ducimus nobis repellat rerum dolorem a commodi necessitatibus.",
    "processingFee": "24.00",
    "status": "Rejected"
  },
  {
    "id": 181,
    "number": "CL-23524",
    "incidentDate": "2022-06-30",
    "createdAt": "2022-07-17",
    "amount": "1131.00",
    "holder": "Ebony Legros",
    "policyNumber": "TL-99732",
    "insuredItem": "Handcrafted Steel Bacon",
    "description": "Voluptatem voluptatum reiciendis molestias voluptatem ut libero est quisquam sit voluptatem et architecto et praesentium.",
    "processingFee": "118.00",
    "status": "Approved"
  },
  {
    "id": 182,
    "number": "CL-47581",
    "incidentDate": "2022-03-14",
    "createdAt": "2022-04-28",
    "amount": "554.00",
    "holder": "Blanca Kohler",
    "policyNumber": "TL-64398",
    "insuredItem": "Tasty Bronze Table",
    "description": "Animi enim est modi eum nihil qui dolores dignissimos nisi nisi commodi qui enim est.",
    "processingFee": "45.00",
    "status": "Submitted"
  },
  {
    "id": 183,
    "number": "CL-30679",
    "incidentDate": "2022-06-09",
    "createdAt": "2022-06-22",
    "amount": "1579.00",
    "holder": "Al Franey",
    "policyNumber": "TL-28623",
    "insuredItem": "Oriental Wooden Table",
    "description": "Autem beatae et ratione sit amet et et qui eum veritatis est repellat et magni.",
    "processingFee": "106.00",
    "status": "Rejected"
  },
  {
    "id": 184,
    "number": "CL-60498",
    "incidentDate": "2022-01-29",
    "createdAt": "2022-03-10",
    "amount": "517.00",
    "holder": "Alan Goodwin",
    "policyNumber": "TL-95100",
    "insuredItem": "Awesome Cotton Mouse",
    "description": "Aperiam aperiam repudiandae tempora nostrum magnam molestias qui quibusdam quas consectetur dolorum laudantium reprehenderit a.",
    "processingFee": "61.00",
    "status": "Approved"
  },
  {
    "id": 185,
    "number": "CL-90984",
    "incidentDate": "2022-06-27",
    "createdAt": "2022-07-26",
    "amount": "1786.00",
    "holder": "Diane Block Sr.",
    "policyNumber": "TL-30999",
    "insuredItem": "Unbranded Plastic Mouse",
    "description": "Velit aut mollitia sunt molestiae animi laborum aut aut praesentium quo ad qui et nobis.",
    "processingFee": "13.00",
    "status": "Completed"
  },
  {
    "id": 186,
    "number": "CL-95157",
    "incidentDate": "2022-07-06",
    "createdAt": "2022-07-10",
    "amount": "1493.00",
    "holder": "Bonnie Donnelly",
    "policyNumber": "TL-26914",
    "insuredItem": "Oriental Fresh Table",
    "description": "Consectetur laborum debitis voluptatem iure quos voluptatem est amet eum veritatis possimus laborum veniam soluta.",
    "processingFee": "131.00",
    "status": "Processed"
  },
  {
    "id": 187,
    "number": "CL-38230",
    "incidentDate": "2022-02-12",
    "createdAt": "2022-03-15",
    "amount": "1758.00",
    "holder": "Kelly Stanton",
    "policyNumber": "TL-93927",
    "insuredItem": "Elegant Granite Keyboard",
    "description": "Dolor perferendis earum est sed eaque porro eaque facilis iure deserunt occaecati est corporis vero.",
    "processingFee": "118.00",
    "status": "Completed"
  },
  {
    "id": 188,
    "number": "CL-61733",
    "incidentDate": "2022-03-29",
    "createdAt": "2022-04-03",
    "amount": "1169.00",
    "holder": "Mindy Lemke PhD",
    "policyNumber": "TL-29966",
    "insuredItem": "Rustic Rubber Gloves",
    "description": "Sed repudiandae veritatis quas aliquam animi consequuntur minima ipsa aut dolores voluptatem quam doloribus possimus.",
    "processingFee": "45.00",
    "status": "Rejected"
  },
  {
    "id": 189,
    "number": "CL-54283",
    "incidentDate": "2022-06-27",
    "createdAt": "2022-07-10",
    "amount": "640.00",
    "holder": "Archie Hoppe",
    "policyNumber": "TL-99618",
    "insuredItem": "Fantastic Cotton Chips",
    "description": "Nemo repellendus totam rem eius nihil nostrum in accusamus laboriosam veritatis nihil ut officia laudantium.",
    "processingFee": "45.00",
    "status": "Submitted"
  },
  {
    "id": 190,
    "number": "CL-49424",
    "incidentDate": "2022-06-05",
    "createdAt": "2022-07-24",
    "amount": "1753.00",
    "holder": "Jeff Wintheiser",
    "policyNumber": "TL-18901",
    "insuredItem": "Intelligent Metal Pizza",
    "description": "Aut soluta quidem iusto quasi itaque est sunt consequatur ducimus qui aliquid ipsam voluptatum quibusdam.",
    "processingFee": "79.00",
    "status": "Processed"
  },
  {
    "id": 191,
    "number": "CL-43478",
    "incidentDate": "2022-01-16",
    "createdAt": "2022-03-04",
    "amount": "975.00",
    "holder": "Rosie Dooley",
    "policyNumber": "TL-73628",
    "insuredItem": "Unbranded Plastic Salad",
    "description": "Eveniet aperiam qui aut tenetur autem voluptatem sunt voluptatem velit laudantium velit nobis voluptatem iusto.",
    "processingFee": "107.00",
    "status": "Rejected"
  },
  {
    "id": 192,
    "number": "CL-98114",
    "incidentDate": "2022-05-02",
    "createdAt": "2022-06-23",
    "amount": "289.00",
    "holder": "Carol Ledner",
    "policyNumber": "TL-97810",
    "insuredItem": "Electronic Frozen Pizza",
    "description": "Veritatis vero rem odio dolores voluptatem et sed velit laborum nulla voluptatem eum quos delectus.",
    "processingFee": "16.00",
    "status": "Processed"
  },
  {
    "id": 193,
    "number": "CL-84207",
    "incidentDate": "2022-02-04",
    "createdAt": "2022-03-09",
    "amount": "407.00",
    "holder": "Pete Harber",
    "policyNumber": "TL-84007",
    "insuredItem": "Sleek Cotton Towels",
    "description": "Ut dolore et voluptatem eum sint impedit ea nihil occaecati deleniti distinctio saepe quia harum.",
    "processingFee": "66.00",
    "status": "Submitted"
  },
  {
    "id": 194,
    "number": "CL-35282",
    "incidentDate": "2022-03-28",
    "createdAt": "2022-05-03",
    "amount": "1770.00",
    "holder": "Carrie Jaskolski",
    "policyNumber": "TL-31478",
    "insuredItem": "Handmade Cotton Cheese",
    "description": "Sed et voluptas in ea in et et eum inventore perspiciatis iste atque neque cupiditate.",
    "processingFee": "13.00",
    "status": "Approved"
  },
  {
    "id": 195,
    "number": "CL-89095",
    "incidentDate": "2022-02-19",
    "createdAt": "2022-03-22",
    "amount": "1153.00",
    "holder": "Dolores Bergnaum",
    "policyNumber": "TL-34819",
    "insuredItem": "Practical Soft Gloves",
    "description": "Quam voluptates sit animi maxime omnis maxime ea est officiis eius vel exercitationem nesciunt inventore.",
    "processingFee": "63.00",
    "status": "Rejected"
  },
  {
    "id": 196,
    "number": "CL-45388",
    "incidentDate": "2022-01-07",
    "createdAt": "2022-03-07",
    "amount": "570.00",
    "holder": "Jesse Krajcik",
    "policyNumber": "TL-86305",
    "insuredItem": "Modern Frozen Mouse",
    "description": "Labore dignissimos dignissimos laboriosam nostrum omnis eum at culpa ipsa quo quo distinctio recusandae qui.",
    "processingFee": "71.00",
    "status": "Approved"
  },
  {
    "id": 197,
    "number": "CL-29521",
    "incidentDate": "2022-08-09",
    "createdAt": "2022-09-06",
    "amount": "887.00",
    "holder": "Sara Howe III",
    "policyNumber": "TL-26164",
    "insuredItem": "Intelligent Cotton Ball",
    "description": "Rerum neque omnis aut asperiores ab ut rerum et quos pariatur ut sit vitae vitae.",
    "processingFee": "66.00",
    "status": "Processed"
  },
  {
    "id": 198,
    "number": "CL-17410",
    "incidentDate": "2022-02-01",
    "createdAt": "2022-03-11",
    "amount": "342.00",
    "holder": "Gene Volkman",
    "policyNumber": "TL-73462",
    "insuredItem": "Unbranded Frozen Shoes",
    "description": "Ducimus cumque tempora totam aut minima quasi ducimus ut ratione unde tempora ut voluptatem commodi.",
    "processingFee": "16.00",
    "status": "Processed"
  },
  {
    "id": 199,
    "number": "CL-33591",
    "incidentDate": "2022-08-13",
    "createdAt": "2022-09-10",
    "amount": "1145.00",
    "holder": "Delbert Emmerich",
    "policyNumber": "TL-52922",
    "insuredItem": "Small Frozen Sausages",
    "description": "Exercitationem commodi facilis autem voluptas enim perferendis at beatae ea qui voluptate magnam dicta fuga.",
    "processingFee": "73.00",
    "status": "Approved"
  },
  {
    "id": 200,
    "number": "CL-59111",
    "incidentDate": "2022-05-12",
    "createdAt": "2022-06-28",
    "amount": "808.00",
    "holder": "Sara Buckridge",
    "policyNumber": "TL-97082",
    "insuredItem": "Practical Granite Hat",
    "description": "Corrupti assumenda et est et dicta distinctio ullam accusantium nesciunt non mollitia saepe sequi et.",
    "processingFee": "20.00",
    "status": "Approved"
  }
]