[
  {
    "id": 1,
    "number": "TL-82322",
    "holder": "Barbara Boyle",
    "status": "Issued",
    "finalAmount": "101.82"
  },
  {
    "id": 2,
    "number": "TL-22148",
    "holder": "Garry Bednar",
    "status": "Issued",
    "finalAmount": "366.52"
  },
  {
    "id": 3,
    "number": "TL-39703",
    "holder": "Jacob Hilll",
    "status": "Issued",
    "finalAmount": "352.34"
  },
  {
    "id": 4,
    "number": "TL-34819",
    "holder": "Dolores Bergnaum",
    "status": "Issued",
    "finalAmount": "275.97"
  },
  {
    "id": 5,
    "number": "TL-56889",
    "holder": "Horace Leannon II",
    "status": "Issued",
    "finalAmount": "327.41"
  },
  {
    "id": 6,
    "number": "TL-31478",
    "holder": "Carrie Jaskolski",
    "status": "Issued",
    "finalAmount": "760.87"
  },
  {
    "id": 7,
    "number": "TL-46409",
    "holder": "Abraham Crist III",
    "status": "Issued",
    "finalAmount": "466.97"
  },
  {
    "id": 8,
    "number": "TL-83558",
    "holder": "Roberta Bogan",
    "status": "Issued",
    "finalAmount": "498.42"
  },
  {
    "id": 9,
    "number": "TL-58864",
    "holder": "Regina Vandervort",
    "status": "Issued",
    "finalAmount": "610.97"
  },
  {
    "id": 10,
    "number": "TL-31392",
    "holder": "Erika Hickle",
    "status": "Issued",
    "finalAmount": "556.99"
  },
  {
    "id": 11,
    "number": "TL-76995",
    "holder": "Mrs. Betty Carter",
    "status": "Issued",
    "finalAmount": "224.12"
  },
  {
    "id": 12,
    "number": "TL-22660",
    "holder": "Ebony Hirthe",
    "status": "Issued",
    "finalAmount": "582.73"
  },
  {
    "id": 13,
    "number": "TL-73841",
    "holder": "Irvin Harris",
    "status": "Issued",
    "finalAmount": "258.34"
  },
  {
    "id": 14,
    "number": "TL-60365",
    "holder": "Ronnie Leffler DDS",
    "status": "Issued",
    "finalAmount": "392.35"
  },
  {
    "id": 15,
    "number": "TL-28819",
    "holder": "Terri Bartell",
    "status": "Issued",
    "finalAmount": "387.48"
  },
  {
    "id": 16,
    "number": "TL-64398",
    "holder": "Blanca Kohler",
    "status": "Issued",
    "finalAmount": "882.42"
  },
  {
    "id": 17,
    "number": "TL-33025",
    "holder": "Jerry Gerlach",
    "status": "Issued",
    "finalAmount": "818.82"
  },
  {
    "id": 18,
    "number": "TL-72714",
    "holder": "Alma Nolan",
    "status": "Issued",
    "finalAmount": "655.56"
  },
  {
    "id": 19,
    "number": "TL-73782",
    "holder": "Kim Schaden",
    "status": "Issued",
    "finalAmount": "284.65"
  },
  {
    "id": 20,
    "number": "TL-57084",
    "holder": "Leroy Mayert",
    "status": "Issued",
    "finalAmount": "447.66"
  },
  {
    "id": 21,
    "number": "TL-43457",
    "holder": "Marshall Swift",
    "status": "Issued",
    "finalAmount": "533.37"
  },
  {
    "id": 22,
    "number": "TL-10805",
    "holder": "Whitney Cassin",
    "status": "Issued",
    "finalAmount": "764.09"
  },
  {
    "id": 23,
    "number": "TL-66020",
    "holder": "Gary Howell",
    "status": "Issued",
    "finalAmount": "913.33"
  },
  {
    "id": 24,
    "number": "TL-66622",
    "holder": "Kathy Runolfsson",
    "status": "Issued",
    "finalAmount": "396.74"
  },
  {
    "id": 25,
    "number": "TL-20929",
    "holder": "Shannon Barrows",
    "status": "Issued",
    "finalAmount": "910.17"
  },
  {
    "id": 26,
    "number": "TL-86587",
    "holder": "Brendan Casper MD",
    "status": "Issued",
    "finalAmount": "202.78"
  },
  {
    "id": 27,
    "number": "TL-17287",
    "holder": "Dr. Shaun Harber",
    "status": "Issued",
    "finalAmount": "699.17"
  },
  {
    "id": 28,
    "number": "TL-14591",
    "holder": "Jeremiah Schuppe",
    "status": "Issued",
    "finalAmount": "726.09"
  },
  {
    "id": 29,
    "number": "TL-95100",
    "holder": "Alan Goodwin",
    "status": "Issued",
    "finalAmount": "533.66"
  },
  {
    "id": 30,
    "number": "TL-72732",
    "holder": "Darren Halvorson",
    "status": "Issued",
    "finalAmount": "955.60"
  },
  {
    "id": 31,
    "number": "TL-71848",
    "holder": "Edna Goldner",
    "status": "Issued",
    "finalAmount": "418.93"
  },
  {
    "id": 32,
    "number": "TL-58126",
    "holder": "Miss Kristopher Rowe",
    "status": "Issued",
    "finalAmount": "770.09"
  },
  {
    "id": 33,
    "number": "TL-71115",
    "holder": "Drew Heathcote DVM",
    "status": "Issued",
    "finalAmount": "833.63"
  },
  {
    "id": 34,
    "number": "TL-73628",
    "holder": "Rosie Dooley",
    "status": "Issued",
    "finalAmount": "236.85"
  },
  {
    "id": 35,
    "number": "TL-86277",
    "holder": "Leticia Gutkowski",
    "status": "Issued",
    "finalAmount": "244.60"
  },
  {
    "id": 36,
    "number": "TL-42878",
    "holder": "Loretta Rippin Sr.",
    "status": "Issued",
    "finalAmount": "228.00"
  },
  {
    "id": 37,
    "number": "TL-13249",
    "holder": "Elizabeth Hills",
    "status": "Issued",
    "finalAmount": "913.38"
  },
  {
    "id": 38,
    "number": "TL-26721",
    "holder": "Terrell Tremblay",
    "status": "Issued",
    "finalAmount": "839.82"
  },
  {
    "id": 39,
    "number": "TL-97082",
    "holder": "Sara Buckridge",
    "status": "Issued",
    "finalAmount": "886.22"
  },
  {
    "id": 40,
    "number": "TL-98665",
    "holder": "Katherine Kihn III",
    "status": "Issued",
    "finalAmount": "679.07"
  },
  {
    "id": 41,
    "number": "TL-41660",
    "holder": "Travis Prosacco",
    "status": "Issued",
    "finalAmount": "730.03"
  },
  {
    "id": 42,
    "number": "TL-32316",
    "holder": "Vickie Jerde DVM",
    "status": "Issued",
    "finalAmount": "465.89"
  },
  {
    "id": 43,
    "number": "TL-17223",
    "holder": "Alejandro Crist",
    "status": "Issued",
    "finalAmount": "774.90"
  },
  {
    "id": 44,
    "number": "TL-47529",
    "holder": "Ms. Wesley Shanahan",
    "status": "Issued",
    "finalAmount": "976.05"
  },
  {
    "id": 45,
    "number": "TL-58784",
    "holder": "Lucy Abshire II",
    "status": "Issued",
    "finalAmount": "530.49"
  },
  {
    "id": 46,
    "number": "TL-91872",
    "holder": "Jake O'Reilly PhD",
    "status": "Issued",
    "finalAmount": "317.85"
  },
  {
    "id": 47,
    "number": "TL-55139",
    "holder": "Ricky Buckridge V",
    "status": "Issued",
    "finalAmount": "506.38"
  },
  {
    "id": 48,
    "number": "TL-32872",
    "holder": "Mildred Schinner",
    "status": "Issued",
    "finalAmount": "373.39"
  },
  {
    "id": 49,
    "number": "TL-76551",
    "holder": "Ms. Clark Goyette",
    "status": "Issued",
    "finalAmount": "312.72"
  },
  {
    "id": 50,
    "number": "TL-99618",
    "holder": "Archie Hoppe",
    "status": "Issued",
    "finalAmount": "453.28"
  },
  {
    "id": 51,
    "number": "TL-53703",
    "holder": "Moses Beatty III",
    "status": "Issued",
    "finalAmount": "935.25"
  },
  {
    "id": 52,
    "number": "TL-28623",
    "holder": "Al Franey",
    "status": "Issued",
    "finalAmount": "685.43"
  },
  {
    "id": 53,
    "number": "TL-22368",
    "holder": "Terry Simonis",
    "status": "Issued",
    "finalAmount": "867.77"
  },
  {
    "id": 54,
    "number": "TL-81046",
    "holder": "Leslie Kreiger",
    "status": "Issued",
    "finalAmount": "230.30"
  },
  {
    "id": 55,
    "number": "TL-70287",
    "holder": "Rosemarie Dickinson",
    "status": "Issued",
    "finalAmount": "795.31"
  },
  {
    "id": 56,
    "number": "TL-69361",
    "holder": "Preston Flatley",
    "status": "Issued",
    "finalAmount": "102.88"
  },
  {
    "id": 57,
    "number": "TL-94103",
    "holder": "Rex Kuphal",
    "status": "Issued",
    "finalAmount": "949.52"
  },
  {
    "id": 58,
    "number": "TL-47807",
    "holder": "Sheldon Goyette V",
    "status": "Issued",
    "finalAmount": "949.74"
  },
  {
    "id": 59,
    "number": "TL-91900",
    "holder": "Julian Ruecker",
    "status": "Issued",
    "finalAmount": "624.61"
  },
  {
    "id": 60,
    "number": "TL-20347",
    "holder": "Trevor Murray",
    "status": "Issued",
    "finalAmount": "991.70"
  },
  {
    "id": 61,
    "number": "TL-62365",
    "holder": "Megan Schmeler",
    "status": "Issued",
    "finalAmount": "899.04"
  },
  {
    "id": 62,
    "number": "TL-99732",
    "holder": "Ebony Legros",
    "status": "Issued",
    "finalAmount": "671.24"
  },
  {
    "id": 63,
    "number": "TL-30999",
    "holder": "Diane Block Sr.",
    "status": "Issued",
    "finalAmount": "227.48"
  },
  {
    "id": 64,
    "number": "TL-65044",
    "holder": "Nadine Bayer",
    "status": "Issued",
    "finalAmount": "502.26"
  },
  {
    "id": 65,
    "number": "TL-35265",
    "holder": "Martin Franecki",
    "status": "Issued",
    "finalAmount": "743.20"
  },
  {
    "id": 66,
    "number": "TL-19924",
    "holder": "Jasmine Abernathy",
    "status": "Issued",
    "finalAmount": "806.46"
  },
  {
    "id": 67,
    "number": "TL-31095",
    "holder": "Fredrick Kuphal",
    "status": "Issued",
    "finalAmount": "536.34"
  },
  {
    "id": 68,
    "number": "TL-30912",
    "holder": "Marshall Dooley",
    "status": "Issued",
    "finalAmount": "792.92"
  },
  {
    "id": 69,
    "number": "TL-98919",
    "holder": "Priscilla Boehm",
    "status": "Issued",
    "finalAmount": "620.22"
  },
  {
    "id": 70,
    "number": "TL-81900",
    "holder": "Dean Spencer",
    "status": "Issued",
    "finalAmount": "658.65"
  },
  {
    "id": 71,
    "number": "TL-97810",
    "holder": "Carol Ledner",
    "status": "Issued",
    "finalAmount": "450.81"
  },
  {
    "id": 72,
    "number": "TL-21183",
    "holder": "Jeannette Mante",
    "status": "Issued",
    "finalAmount": "451.97"
  },
  {
    "id": 73,
    "number": "TL-34028",
    "holder": "Malcolm Will",
    "status": "Issued",
    "finalAmount": "909.36"
  },
  {
    "id": 74,
    "number": "TL-85283",
    "holder": "Simon Kunze IV",
    "status": "Issued",
    "finalAmount": "213.48"
  },
  {
    "id": 75,
    "number": "TL-68973",
    "holder": "Beulah Langworth",
    "status": "Issued",
    "finalAmount": "904.24"
  },
  {
    "id": 76,
    "number": "TL-32333",
    "holder": "Claudia Sanford",
    "status": "Issued",
    "finalAmount": "489.26"
  },
  {
    "id": 77,
    "number": "TL-73462",
    "holder": "Gene Volkman",
    "status": "Issued",
    "finalAmount": "391.24"
  },
  {
    "id": 78,
    "number": "TL-78921",
    "holder": "Billy Ryan",
    "status": "Issued",
    "finalAmount": "454.23"
  },
  {
    "id": 79,
    "number": "TL-75098",
    "holder": "Fredrick Paucek",
    "status": "Issued",
    "finalAmount": "236.23"
  },
  {
    "id": 80,
    "number": "TL-26914",
    "holder": "Bonnie Donnelly",
    "status": "Issued",
    "finalAmount": "291.76"
  },
  {
    "id": 81,
    "number": "TL-29559",
    "holder": "Darrell Hegmann",
    "status": "Issued",
    "finalAmount": "601.71"
  },
  {
    "id": 82,
    "number": "TL-97799",
    "holder": "Ms. Martha Glover II",
    "status": "Issued",
    "finalAmount": "503.48"
  },
  {
    "id": 83,
    "number": "TL-22525",
    "holder": "Dr. Yvette Connelly",
    "status": "Issued",
    "finalAmount": "832.69"
  },
  {
    "id": 84,
    "number": "TL-29954",
    "holder": "Desiree Sauer",
    "status": "Issued",
    "finalAmount": "684.11"
  },
  {
    "id": 85,
    "number": "TL-65239",
    "holder": "Nathan Schimmel",
    "status": "Issued",
    "finalAmount": "645.66"
  },
  {
    "id": 86,
    "number": "TL-96718",
    "holder": "Flora Konopelski",
    "status": "Issued",
    "finalAmount": "232.61"
  },
  {
    "id": 87,
    "number": "TL-98960",
    "holder": "James Romaguera",
    "status": "Issued",
    "finalAmount": "685.85"
  },
  {
    "id": 88,
    "number": "TL-96624",
    "holder": "Dr. Randolph Welch",
    "status": "Issued",
    "finalAmount": "793.88"
  },
  {
    "id": 89,
    "number": "TL-79184",
    "holder": "Robin Johns",
    "status": "Issued",
    "finalAmount": "799.36"
  },
  {
    "id": 90,
    "number": "TL-31102",
    "holder": "Elena Ullrich",
    "status": "Issued",
    "finalAmount": "762.35"
  },
  {
    "id": 91,
    "number": "TL-89535",
    "holder": "Kyle Hilpert V",
    "status": "Issued",
    "finalAmount": "979.98"
  },
  {
    "id": 92,
    "number": "TL-56897",
    "holder": "Gayle Bednar",
    "status": "Issued",
    "finalAmount": "773.51"
  },
  {
    "id": 93,
    "number": "TL-98944",
    "holder": "Emilio Stracke",
    "status": "Issued",
    "finalAmount": "502.11"
  },
  {
    "id": 94,
    "number": "TL-46138",
    "holder": "Grady Fritsch",
    "status": "Issued",
    "finalAmount": "855.22"
  },
  {
    "id": 95,
    "number": "TL-57480",
    "holder": "Catherine Grady",
    "status": "Issued",
    "finalAmount": "512.75"
  },
  {
    "id": 96,
    "number": "TL-65261",
    "holder": "Cheryl Zulauf",
    "status": "Issued",
    "finalAmount": "411.27"
  },
  {
    "id": 97,
    "number": "TL-21993",
    "holder": "May Tromp",
    "status": "Issued",
    "finalAmount": "448.59"
  },
  {
    "id": 98,
    "number": "TL-63965",
    "holder": "Mr. Rachael Schulist",
    "status": "Issued",
    "finalAmount": "618.36"
  },
  {
    "id": 99,
    "number": "TL-58796",
    "holder": "Perry Bartell",
    "status": "Issued",
    "finalAmount": "962.40"
  },
  {
    "id": 100,
    "number": "TL-27594",
    "holder": "Josh O'Hara",
    "status": "Issued",
    "finalAmount": "987.59"
  },
  {
    "id": 101,
    "number": "TL-83952",
    "holder": "Julie Herzog",
    "status": "Issued",
    "finalAmount": "504.72"
  },
  {
    "id": 102,
    "number": "TL-47612",
    "holder": "Miss Rene Torphy",
    "status": "Issued",
    "finalAmount": "666.27"
  },
  {
    "id": 103,
    "number": "TL-94515",
    "holder": "Rachael Nolan",
    "status": "Issued",
    "finalAmount": "605.48"
  },
  {
    "id": 104,
    "number": "TL-27793",
    "holder": "Dr. Eleanor Carroll",
    "status": "Issued",
    "finalAmount": "193.77"
  },
  {
    "id": 105,
    "number": "TL-78023",
    "holder": "Lena Hyatt",
    "status": "Issued",
    "finalAmount": "249.32"
  },
  {
    "id": 106,
    "number": "TL-32440",
    "holder": "Monique Legros",
    "status": "Issued",
    "finalAmount": "521.46"
  },
  {
    "id": 107,
    "number": "TL-73360",
    "holder": "Mr. Ivan Blick III",
    "status": "Issued",
    "finalAmount": "419.16"
  },
  {
    "id": 108,
    "number": "TL-51408",
    "holder": "Ray Kertzmann",
    "status": "Issued",
    "finalAmount": "600.28"
  },
  {
    "id": 109,
    "number": "TL-65857",
    "holder": "Erma Hintz MD",
    "status": "Issued",
    "finalAmount": "273.11"
  },
  {
    "id": 110,
    "number": "TL-46293",
    "holder": "Mr. Cody Konopelski",
    "status": "Issued",
    "finalAmount": "702.29"
  },
  {
    "id": 111,
    "number": "TL-91583",
    "holder": "Norman Hettinger",
    "status": "Issued",
    "finalAmount": "977.33"
  },
  {
    "id": 112,
    "number": "TL-84007",
    "holder": "Pete Harber",
    "status": "Issued",
    "finalAmount": "964.69"
  },
  {
    "id": 113,
    "number": "TL-30268",
    "holder": "Malcolm MacGyver",
    "status": "Issued",
    "finalAmount": "149.60"
  },
  {
    "id": 114,
    "number": "TL-25981",
    "holder": "Juana Barrows",
    "status": "Issued",
    "finalAmount": "362.83"
  },
  {
    "id": 115,
    "number": "TL-70240",
    "holder": "Reginald Rolfson",
    "status": "Issued",
    "finalAmount": "330.25"
  },
  {
    "id": 116,
    "number": "TL-37437",
    "holder": "Gordon Quitzon",
    "status": "Issued",
    "finalAmount": "519.04"
  },
  {
    "id": 117,
    "number": "TL-33931",
    "holder": "Wendy Kessler",
    "status": "Issued",
    "finalAmount": "869.26"
  },
  {
    "id": 118,
    "number": "TL-16768",
    "holder": "Melba Marquardt",
    "status": "Issued",
    "finalAmount": "275.90"
  },
  {
    "id": 119,
    "number": "TL-83737",
    "holder": "Ashley Bartoletti",
    "status": "Issued",
    "finalAmount": "128.69"
  },
  {
    "id": 120,
    "number": "TL-43909",
    "holder": "Shari Graham",
    "status": "Issued",
    "finalAmount": "743.28"
  },
  {
    "id": 121,
    "number": "TL-84139",
    "holder": "Roderick Raynor PhD",
    "status": "Issued",
    "finalAmount": "596.82"
  },
  {
    "id": 122,
    "number": "TL-37657",
    "holder": "Gilbert Ryan",
    "status": "Issued",
    "finalAmount": "208.90"
  },
  {
    "id": 123,
    "number": "TL-99502",
    "holder": "Arthur Kuhn",
    "status": "Issued",
    "finalAmount": "243.09"
  },
  {
    "id": 124,
    "number": "TL-21688",
    "holder": "Jacob Heaney",
    "status": "Issued",
    "finalAmount": "446.62"
  },
  {
    "id": 125,
    "number": "TL-20882",
    "holder": "Donnie O'Connell",
    "status": "Issued",
    "finalAmount": "213.59"
  },
  {
    "id": 126,
    "number": "TL-66697",
    "holder": "Miss Alexis Goldner",
    "status": "Issued",
    "finalAmount": "253.33"
  },
  {
    "id": 127,
    "number": "TL-93927",
    "holder": "Kelly Stanton",
    "status": "Issued",
    "finalAmount": "248.64"
  },
  {
    "id": 128,
    "number": "TL-68816",
    "holder": "Isaac Conn Sr.",
    "status": "Issued",
    "finalAmount": "404.59"
  },
  {
    "id": 129,
    "number": "TL-95247",
    "holder": "Teri Cassin",
    "status": "Issued",
    "finalAmount": "670.58"
  },
  {
    "id": 130,
    "number": "TL-36671",
    "holder": "Kayla Harvey",
    "status": "Issued",
    "finalAmount": "199.06"
  },
  {
    "id": 131,
    "number": "TL-65811",
    "holder": "Jennifer Schowalter",
    "status": "Issued",
    "finalAmount": "556.87"
  },
  {
    "id": 132,
    "number": "TL-89026",
    "holder": "Micheal Oberbrunner",
    "status": "Issued",
    "finalAmount": "874.67"
  },
  {
    "id": 133,
    "number": "TL-14571",
    "holder": "Eloise Wiegand",
    "status": "Issued",
    "finalAmount": "745.23"
  },
  {
    "id": 134,
    "number": "TL-27848",
    "holder": "Elijah Hartmann",
    "status": "Issued",
    "finalAmount": "621.23"
  },
  {
    "id": 135,
    "number": "TL-43859",
    "holder": "Dominick Cartwright",
    "status": "Issued",
    "finalAmount": "381.84"
  },
  {
    "id": 136,
    "number": "TL-63046",
    "holder": "Raymond Hyatt Jr.",
    "status": "Issued",
    "finalAmount": "234.59"
  },
  {
    "id": 137,
    "number": "TL-82567",
    "holder": "Jay Gleason DDS",
    "status": "Issued",
    "finalAmount": "661.76"
  },
  {
    "id": 138,
    "number": "TL-29229",
    "holder": "Ivan Tillman",
    "status": "Issued",
    "finalAmount": "256.89"
  },
  {
    "id": 139,
    "number": "TL-51338",
    "holder": "Ronnie McGlynn",
    "status": "Issued",
    "finalAmount": "757.43"
  },
  {
    "id": 140,
    "number": "TL-19171",
    "holder": "Mrs. Aubrey Raynor",
    "status": "Issued",
    "finalAmount": "388.39"
  },
  {
    "id": 141,
    "number": "TL-76606",
    "holder": "Lynn Bailey",
    "status": "Issued",
    "finalAmount": "706.61"
  },
  {
    "id": 142,
    "number": "TL-43880",
    "holder": "Alfredo Hudson",
    "status": "Issued",
    "finalAmount": "238.12"
  },
  {
    "id": 143,
    "number": "TL-32798",
    "holder": "Hazel Trantow",
    "status": "Issued",
    "finalAmount": "631.53"
  },
  {
    "id": 144,
    "number": "TL-41875",
    "holder": "Dominick Pouros II",
    "status": "Issued",
    "finalAmount": "145.82"
  },
  {
    "id": 145,
    "number": "TL-86305",
    "holder": "Jesse Krajcik",
    "status": "Issued",
    "finalAmount": "819.63"
  },
  {
    "id": 146,
    "number": "TL-52645",
    "holder": "Miss Jo Hane",
    "status": "Issued",
    "finalAmount": "423.93"
  },
  {
    "id": 147,
    "number": "TL-25580",
    "holder": "Loren Harber DVM",
    "status": "Issued",
    "finalAmount": "140.56"
  },
  {
    "id": 148,
    "number": "TL-86417",
    "holder": "Erin Ledner",
    "status": "Issued",
    "finalAmount": "844.93"
  },
  {
    "id": 149,
    "number": "TL-52312",
    "holder": "Leslie Jakubowski",
    "status": "Issued",
    "finalAmount": "614.18"
  },
  {
    "id": 150,
    "number": "TL-76944",
    "holder": "Pamela Macejkovic",
    "status": "Issued",
    "finalAmount": "498.77"
  },
  {
    "id": 151,
    "number": "TL-17722",
    "holder": "Delbert Fisher",
    "status": "Issued",
    "finalAmount": "539.15"
  },
  {
    "id": 152,
    "number": "TL-62991",
    "holder": "Orville Cole",
    "status": "Issued",
    "finalAmount": "887.51"
  },
  {
    "id": 153,
    "number": "TL-60607",
    "holder": "Alfred Collins MD",
    "status": "Issued",
    "finalAmount": "126.81"
  },
  {
    "id": 154,
    "number": "TL-35296",
    "holder": "Mr. Caroline Ankunding",
    "status": "Issued",
    "finalAmount": "148.61"
  },
  {
    "id": 155,
    "number": "TL-77124",
    "holder": "Julio Rodriguez",
    "status": "Issued",
    "finalAmount": "591.47"
  },
  {
    "id": 156,
    "number": "TL-23059",
    "holder": "Fred Harris",
    "status": "Issued",
    "finalAmount": "264.21"
  },
  {
    "id": 157,
    "number": "TL-29966",
    "holder": "Mindy Lemke PhD",
    "status": "Issued",
    "finalAmount": "724.17"
  },
  {
    "id": 158,
    "number": "TL-96780",
    "holder": "Norma Larkin MD",
    "status": "Issued",
    "finalAmount": "252.36"
  },
  {
    "id": 159,
    "number": "TL-33307",
    "holder": "Gene Brakus",
    "status": "Issued",
    "finalAmount": "442.80"
  },
  {
    "id": 160,
    "number": "TL-50247",
    "holder": "Christopher Rosenbaum",
    "status": "Issued",
    "finalAmount": "179.76"
  },
  {
    "id": 161,
    "number": "TL-13367",
    "holder": "Victor Gulgowski",
    "status": "Issued",
    "finalAmount": "311.78"
  },
  {
    "id": 162,
    "number": "TL-55613",
    "holder": "Marian Treutel I",
    "status": "Issued",
    "finalAmount": "739.35"
  },
  {
    "id": 163,
    "number": "TL-99086",
    "holder": "Ada Borer II",
    "status": "Issued",
    "finalAmount": "481.16"
  },
  {
    "id": 164,
    "number": "TL-60774",
    "holder": "Dr. Tabitha Pouros",
    "status": "Issued",
    "finalAmount": "183.12"
  },
  {
    "id": 165,
    "number": "TL-64431",
    "holder": "Lori Simonis",
    "status": "Issued",
    "finalAmount": "579.91"
  },
  {
    "id": 166,
    "number": "TL-31821",
    "holder": "Duane O'Kon",
    "status": "Issued",
    "finalAmount": "344.00"
  },
  {
    "id": 167,
    "number": "TL-26945",
    "holder": "Vernon Ward MD",
    "status": "Issued",
    "finalAmount": "752.10"
  },
  {
    "id": 168,
    "number": "TL-87219",
    "holder": "Diana Waters PhD",
    "status": "Issued",
    "finalAmount": "634.24"
  },
  {
    "id": 169,
    "number": "TL-30558",
    "holder": "Matt Trantow",
    "status": "Issued",
    "finalAmount": "287.11"
  },
  {
    "id": 170,
    "number": "TL-50178",
    "holder": "Bradford Schuppe",
    "status": "Issued",
    "finalAmount": "233.36"
  },
  {
    "id": 171,
    "number": "TL-26490",
    "holder": "Daniel DuBuque",
    "status": "Issued",
    "finalAmount": "361.15"
  },
  {
    "id": 172,
    "number": "TL-21560",
    "holder": "Roman Lang",
    "status": "Issued",
    "finalAmount": "730.41"
  },
  {
    "id": 173,
    "number": "TL-75297",
    "holder": "Brandon Gusikowski",
    "status": "Issued",
    "finalAmount": "202.78"
  },
  {
    "id": 174,
    "number": "TL-88585",
    "holder": "Adrienne Kuhn",
    "status": "Issued",
    "finalAmount": "721.72"
  },
  {
    "id": 175,
    "number": "TL-60001",
    "holder": "May Boyle",
    "status": "Issued",
    "finalAmount": "543.23"
  },
  {
    "id": 176,
    "number": "TL-19062",
    "holder": "Lowell Carroll",
    "status": "Issued",
    "finalAmount": "606.04"
  },
  {
    "id": 177,
    "number": "TL-49469",
    "holder": "Dr. Elvira Lowe",
    "status": "Issued",
    "finalAmount": "620.70"
  },
  {
    "id": 178,
    "number": "TL-76644",
    "holder": "Casey Trantow",
    "status": "Issued",
    "finalAmount": "534.24"
  },
  {
    "id": 179,
    "number": "TL-49362",
    "holder": "Marjorie Crooks",
    "status": "Issued",
    "finalAmount": "255.61"
  },
  {
    "id": 180,
    "number": "TL-72517",
    "holder": "Della Mraz",
    "status": "Issued",
    "finalAmount": "923.60"
  },
  {
    "id": 181,
    "number": "TL-21715",
    "holder": "Dr. Katherine Kunze",
    "status": "Issued",
    "finalAmount": "511.01"
  },
  {
    "id": 182,
    "number": "TL-52922",
    "holder": "Delbert Emmerich",
    "status": "Issued",
    "finalAmount": "581.71"
  },
  {
    "id": 183,
    "number": "TL-57194",
    "holder": "Stella Weber",
    "status": "Issued",
    "finalAmount": "783.49"
  },
  {
    "id": 184,
    "number": "TL-65990",
    "holder": "Sherri Dooley",
    "status": "Issued",
    "finalAmount": "194.57"
  },
  {
    "id": 185,
    "number": "TL-24364",
    "holder": "Natalie Huel",
    "status": "Issued",
    "finalAmount": "984.87"
  },
  {
    "id": 186,
    "number": "TL-26164",
    "holder": "Sara Howe III",
    "status": "Issued",
    "finalAmount": "658.42"
  },
  {
    "id": 187,
    "number": "TL-17854",
    "holder": "Mrs. Roosevelt Gleason",
    "status": "Issued",
    "finalAmount": "860.33"
  },
  {
    "id": 188,
    "number": "TL-90886",
    "holder": "Mrs. Agnes Langworth",
    "status": "Issued",
    "finalAmount": "188.71"
  },
  {
    "id": 189,
    "number": "TL-11205",
    "holder": "Raul Erdman",
    "status": "Issued",
    "finalAmount": "986.15"
  },
  {
    "id": 190,
    "number": "TL-31884",
    "holder": "Jeremiah Schneider",
    "status": "Issued",
    "finalAmount": "683.63"
  },
  {
    "id": 191,
    "number": "TL-37152",
    "holder": "Ms. Lance Dach",
    "status": "Issued",
    "finalAmount": "248.11"
  },
  {
    "id": 192,
    "number": "TL-52457",
    "holder": "Clyde Waters",
    "status": "Issued",
    "finalAmount": "976.01"
  },
  {
    "id": 193,
    "number": "TL-18901",
    "holder": "Jeff Wintheiser",
    "status": "Issued",
    "finalAmount": "492.02"
  },
  {
    "id": 194,
    "number": "TL-48712",
    "holder": "Carroll Collins",
    "status": "Issued",
    "finalAmount": "575.09"
  },
  {
    "id": 195,
    "number": "TL-64430",
    "holder": "Sharon Greenfelder",
    "status": "Issued",
    "finalAmount": "503.71"
  },
  {
    "id": 196,
    "number": "TL-64493",
    "holder": "Ms. Vivian Jacobson",
    "status": "Issued",
    "finalAmount": "657.59"
  },
  {
    "id": 197,
    "number": "TL-47616",
    "holder": "Douglas Spencer",
    "status": "Issued",
    "finalAmount": "436.06"
  },
  {
    "id": 198,
    "number": "TL-54172",
    "holder": "Max Little",
    "status": "Issued",
    "finalAmount": "633.81"
  },
  {
    "id": 199,
    "number": "TL-54216",
    "holder": "Cecelia Breitenberg",
    "status": "Issued",
    "finalAmount": "111.64"
  },
  {
    "id": 200,
    "number": "TL-81591",
    "holder": "Eleanor Keeling",
    "status": "Issued",
    "finalAmount": "722.80"
  }
]